	videoId	narrative	super_narrative
0	Qy16OREVIOg	Discrediting political rivals (e.g. ridicule, accusation)	It is Us vs. Them (the establishment)
1	yVfTyHepYFI	Certain immigrants are unwilling/incapable to integrate	Immigrants’ identity and/or culture is problematic
2	w6BXQ27nQfw	Immigration is a threat to individual safety	Immigration is a threat
3	0mQjDwNoTVY	Immigration reduces the attractiveness of location and lowers overall life quality	Immigration burdens the economy & welfare narrative
4	QNBMHu1bjzI	Certain immigrants /asylum seekers are discriminated against	Immigrants are victims
5	O2ZkCuYKA6k	None	None
6	PaZi9ku1jn8	Immigrants are prone to committing crimes of a sexual nature	Immigration is a threat
7	EbeuDxaxvRY	Certain immigrants are unwilling/incapable to integrate	Immigrants’ identity and/or culture is problematic
8	8pF0jcX4l40	Immigrants are a strain on the housing market	Immigration burdens the economy & welfare narrative
9	VzJLsIaJBJU	We are being silenced	There is an unfair bias against our political camp
10	ZT4LzjQwNvk	Great replacement	Immigration is part of a conspiracy
11	8Cz4W6_pB5Q	Political rivals’ policy failed/ is failing/ will fail	It is Us vs. Them (the establishment)
12	P9xXW7YHw8s	Certain immigrants /asylum seekers are discriminated against	Immigrants are victims
13	AuKoavUI5xc	Arabs and/or Muslims are a cultural/social threat	Immigrants’ identity and/or culture is problematic
14	7z6uousyXwM	Certain immigrants /asylum seekers are discriminated against	Immigrants are victims
15	STpdobvBAcI	Many immigrants are terrorists	Immigration is a threat
16	_lRZ6ZWovDk	MS or EU are in breach of international law (e.g. inadequate reception facilities, refoulement at the borders, prolonged asylum procedures)	Immigrants are victims
17	eClpP5lUG_0	Immigrants are victims of human traffickers.	Immigrants are victims
18	_0Z8RcniEGk	MS or EU are in breach of international law (e.g. inadequate reception facilities, refoulement at the borders, prolonged asylum procedures)	Immigrants are victims
19	eTda-SR7g60	Immigrants are prone to committing crimes of a sexual nature	Immigration is a threat
20	ehdGeFqwYJ0	Immigration helps tackle social & economic issues (e.g. skills and labour shortages)	Pragmatic approaches to immigration
21	pnCWkc6S0fI	Immigrants are a strain on the housing market	Immigration burdens the economy & welfare narrative
22	K_Dm7VrG1qg	Immigrants are victims of human traffickers.	Immigrants are victims
23	0u_bfNmp-k8	Political rivals’ policy failed/ is failing/ will fail	It is Us vs. Them (the establishment)
24	jYMoSf7Pos8	Many asylum seekers are actually economic migrants	Immigration burdens the economy & welfare narrative
25	WBPvC64HMZA	Immigrants are prone to committing crimes of a sexual nature	Immigration is a threat
26	h85UHcVi9lQ	Arabs and/or Muslims are a cultural/social threat	Immigrants’ identity and/or culture is problematic
27	KvOMwyY0Iow	Natives loose to immigrants / Immigrants receive better benefits than nationals	Immigration burdens the economy & welfare narrative
28	Om09hjaz3Hk	Immigrants are prone to committing crimes (violent, non-violent, or organised)	Immigration is a threat
29	vPkDoLK5Ba0	Immigrants abuse the welfare system	Immigration burdens the economy & welfare narrative
30	8LnBKnlV0uc	Immigrants abuse the welfare system	Immigration burdens the economy & welfare narrative
31	qPDPAxhZc74	Many asylum seekers are actually economic migrants	Immigration burdens the economy & welfare narrative
32	M8ARePYvfnY	Immigrants are prone to committing crimes of a sexual nature	Immigration is a threat
33	iUaBkgEz7SU	None	None
34	05CjqcS5b08	None	None
35	-8cqGNhKn0k	Certain immigrants /asylum seekers are discriminated against	Immigrants are victims
36	KPQK8hGOWU4	Arabs and/or Muslims are a cultural/social threat	Immigrants’ identity and/or culture is problematic
37	6IyOxb6gl-0	Immigrants suffer from labour exploitation	Immigrants are victims
38	oADDWgXkg0E	Many immigrants are terrorists	Immigration is a threat
39	eCxeyi-8QiM	Immigrants do not contribute to the economy	Immigration burdens the economy & welfare narrative
40	vErYsFa6R9c	Immigrants are prone to committing crimes of a sexual nature	Immigration is a threat
41	qGU84MbdxEk	Immigration is a threat to the European way of life / identity	Immigrants’ identity and/or culture is problematic
42	z5cOOYluVYQ	Promoting policy initiatives or ideas	We are competent
43	4Y-GDnQfKpU	Great replacement	Immigration is part of a conspiracy
44	mWHxVhY07LY	Certain immigrants are unwilling/incapable to integrate	Immigrants’ identity and/or culture is problematic
45	auhjkK5wWiE	Certain immigrants /asylum seekers are discriminated against	Immigrants are victims
46	BOQtnjfc3e8	Immigration helps tackle social & economic issues (e.g. skills and labour shortages)	Pragmatic approaches to immigration
47	SY1v6E1xkrY	Political rivals act against the interests of the people	It is Us vs. Them (the establishment)
48	NoUdTumcQ_g	We are being silenced	There is an unfair bias against our political camp
49	RDlspfOoLco	Arabs and/or Muslims are a cultural/social threat	Immigrants’ identity and/or culture is problematic
50	yXHI-veVshQ	Immigration helps tackle social & economic issues (e.g. skills and labour shortages)	Pragmatic approaches to immigration
51	PTqLqSnMpBI	Great replacement	Immigration is part of a conspiracy
52	xf9AlGrc2rc	Discrediting political rivals (e.g. ridicule, accusation)	It is Us vs. Them (the establishment)
53	FNag3TCl7Oo	Immigration is a threat to individual safety	Immigration is a threat
54	2NRm_v7Jo58	There are too many immigrants coming	Immigration is out of control
55	VSWYAUehXEU	Immigrants suffer from labour exploitation	Immigrants are victims
56	8p4xaGzJg_g	Discrediting political rivals (e.g. ridicule, accusation)	It is Us vs. Them (the establishment)
57	hM59VIZDHwY	Discrediting political rivals (e.g. ridicule, accusation)	It is Us vs. Them (the establishment)
58	QzvxykFufcg	Immigrants abuse the welfare system	Immigration burdens the economy & welfare narrative
59	pxQFuJZkSLM	Immigrants do not contribute to the economy	Immigration burdens the economy & welfare narrative
60	_wTajX8KHKs	Political rivals act against the interests of the people	It is Us vs. Them (the establishment)
61	ImxOWnyJb08	Immigrants do not contribute to the economy	Immigration burdens the economy & welfare narrative
62	sP4r1uAoEyo	Great replacement	Immigration is part of a conspiracy
63	oXzttLotlVI	Natives loose to immigrants / Immigrants receive better benefits than nationals	Immigration burdens the economy & welfare narrative
64	66MnHtYjlEU	There are too many immigrants coming	Immigration is out of control
65	wVvOMDqXQjY	Immigration helps tackle social & economic issues (e.g. skills and labour shortages)	Pragmatic approaches to immigration
66	qtuVy03lJkc	Immigrants are prone to committing crimes of a sexual nature	Immigration is a threat
67	HppCkqNVCvc	Arabs and/or Muslims are a cultural/social threat	Immigrants’ identity and/or culture is problematic
68	F-RkoemP5MU	Certain immigrants are unwilling/incapable to integrate	Immigrants’ identity and/or culture is problematic
69	seHEnnSS48c	Immigrants take our jobs	Immigration burdens the economy & welfare narrative
70	i2YOYupobhc	Immigration helps tackle social & economic issues (e.g. skills and labour shortages)	Pragmatic approaches to immigration
71	sTsP_r5EUNY	Arabs and/or Muslims are a cultural/social threat	Immigrants’ identity and/or culture is problematic
72	QubVUA9hMVU	Immigrants are a strain on the housing market	Immigration burdens the economy & welfare narrative
73	7kAF9-Y1ZMk	Immigrants are victims of human traffickers.	Immigrants are victims
74	NoseJP41QCk	Receiving immigrants is too expensive/ immigration burdens tax payers	Immigration burdens the economy & welfare narrative
75	4y--K9r4yu4	Immigrants do not contribute to the economy	Immigration burdens the economy & welfare narrative
76	RFpXgWRSC20	Certain immigrants are unwilling/incapable to integrate	Immigrants’ identity and/or culture is problematic
77	-CDffv7Gus8	Immigrants suffer from labour exploitation	Immigrants are victims
78	Lsc_aArpFQg	Our borders are strained and/or insufficiently controlled	Immigration is out of control
79	0XqdfbHP83A	Immigration is a threat to the European way of life / identity	Immigrants’ identity and/or culture is problematic
80	YsaHlkCcW6k	Natives loose to immigrants / Immigrants receive better benefits than nationals	Immigration burdens the economy & welfare narrative
81	cyGZiI0macs	Political rivals act against the interests of the people	It is Us vs. Them (the establishment)
82	QvFIubrkAuE	Promoting policy initiatives or ideas	We are competent
83	KsVFlGLRKSw	None	None
84	goN_V6Gkp8c	Immigrants take our jobs	Immigration burdens the economy & welfare narrative
85	uv5Kc5lAqZE	There are too many immigrants coming	Immigration is out of control
86	XFXQ3zZ6fVc	Political rivals act against the interests of the people	It is Us vs. Them (the establishment)
87	JPArh6s5WjI	Natives first	Immigration burdens the economy & welfare narrative
88	cj7Jh1KSMTY	Our borders are strained and/or insufficiently controlled	Immigration is out of control
89	FXm9EFwG-bM	We are being silenced	There is an unfair bias against our political camp
90	9EzFQ1R_jSI	Immigrants are prone to committing crimes of a sexual nature	Immigration is a threat
91	rxXhbQtDMg4	Immigration is a threat to the European way of life / identity	Immigrants’ identity and/or culture is problematic
92	Xkcu3xcKl1s	Promoting policy initiatives or ideas	We are competent
93	sxzOuk-E7-8	Promoting policy initiatives or ideas	We are competent
94	Zgamhae-4zY	Immigrants are prone to committing crimes of a sexual nature	Immigration is a threat
95	3b8ghXc3jTU	Political rivals’ policy failed/ is failing/ will fail	It is Us vs. Them (the establishment)
96	4yT7RJDdIok	Immigration helps tackle social & economic issues (e.g. skills and labour shortages)	Pragmatic approaches to immigration
97	IBte4sPgEp4	Receiving immigrants is too expensive/ immigration burdens tax payers	Immigration burdens the economy & welfare narrative
98	cf3xc5TrHDo	Political rivals’ policy failed/ is failing/ will fail	It is Us vs. Them (the establishment)
99	GsSxeaJSTYs	Immigrants are a strain on the housing market	Immigration burdens the economy & welfare narrative
100	uDbfZfymOYQ	Immigration is a threat to the European way of life / identity	Immigrants’ identity and/or culture is problematic
101	OuzTv4ah1g8	Immigrants are a strain on the housing market	Immigration burdens the economy & welfare narrative
102	QJC5XgQsyKo	Political rivals’ policy failed/ is failing/ will fail	It is Us vs. Them (the establishment)
103	VbDJszljNek	There are too many immigrants coming	Immigration is out of control
104	47uiLRCqoCg	Immigrants suffer from labour exploitation	Immigrants are victims
105	8BslPSecXy8	Political rivals act against the interests of the people	It is Us vs. Them (the establishment)
106	XmV6diEKAbE	Mainstream media are biased	There is an unfair bias against our political camp
107	6ijFHNGXk4w	Immigrants do not contribute to the economy	Immigration burdens the economy & welfare narrative
108	rlLcT8dxHuA	Certain immigrants are unwilling/incapable to integrate	Immigrants’ identity and/or culture is problematic
109	6BIkEhExTc0	Immigrants are prone to committing crimes of a sexual nature	Immigration is a threat
110	OlGFxS_Ay-o	Certain immigrants are unwilling/incapable to integrate	Immigrants’ identity and/or culture is problematic
111	r9xwNFmtPJY	Arabs and/or Muslims are a cultural/social threat	Immigrants’ identity and/or culture is problematic
112	VXOA8veaWYc	There are too many immigrants coming	Immigration is out of control
113	sj2E_zYN190	Immigration reduces the attractiveness of location and lowers overall life quality	Immigration burdens the economy & welfare narrative
114	HB3gL7t5tws	Many asylum seekers are actually economic migrants	Immigration burdens the economy & welfare narrative
115	PyxlEpFi10w	Immigration helps tackle social & economic issues (e.g. skills and labour shortages)	Pragmatic approaches to immigration
116	-tair7dDnLs	Political rivals’ policy failed/ is failing/ will fail	It is Us vs. Them (the establishment)
117	bf8PozO_87s	None	None
118	lM1Hf5AiCTY	None	None
119	bcpu8uSnMMU	Many asylum seekers are actually economic migrants	Immigration burdens the economy & welfare narrative
120	8P67omRsWV8	Great replacement	Immigration is part of a conspiracy
121	poT1_-GI7l0	Promoting policy initiatives or ideas	We are competent
122	tEKKXnblqLY	Promoting policy initiatives or ideas	We are competent
123	S76yZM_vnvE	Immigrants are victims of human traffickers.	Immigrants are victims
124	TZfbHwKO6fk	Promoting policy initiatives or ideas	We are competent
125	tyHLYC94ztY	None	None
126	4K-u8pN_UVo	Political rivals act against the interests of the people	It is Us vs. Them (the establishment)
127	i7jB52tNwF0	Arabs and/or Muslims are a cultural/social threat	Immigrants’ identity and/or culture is problematic
128	oc__7GaSRXc	Discrediting political rivals (e.g. ridicule, accusation)	It is Us vs. Them (the establishment)
129	4-R4uKXMEiI	Immigrants suffer from labour exploitation	Immigrants are victims
130	9Ur9QIu7QTU	Certain immigrants are unwilling/incapable to integrate	Immigrants’ identity and/or culture is problematic
131	lTkx2yX8nhs	Political rivals act against the interests of the people	It is Us vs. Them (the establishment)
132	BvmO_9cMl9w	Promoting policy initiatives or ideas	We are competent
133	I_X7bbp2Nr4	Immigrants are victims of false hope	Immigrants are victims
134	E9qVfJ_uNeM	Our borders are strained and/or insufficiently controlled	Immigration is out of control
135	OJ-jQ2gax3U	EU is harmful for our nation	It is Us vs. Them (the establishment)
136	y3UAJ6NR5zQ	Immigration helps tackle social & economic issues (e.g. skills and labour shortages)	Pragmatic approaches to immigration
137	XYPLn5nnC2c	None	None
138	Ma-RFq6IU04	Certain immigrants are unwilling/incapable to integrate	Immigrants’ identity and/or culture is problematic
139	6Qcg7Aeiinw	Mainstream media are biased	There is an unfair bias against our political camp
140	047VLSYlmiM	Immigrants suffer from labour exploitation	Immigrants are victims
141	eze0H8ABQgo	Certain immigrants /asylum seekers are discriminated against	Immigrants are victims
142	9gVaHg7bMUQ	We are being silenced	There is an unfair bias against our political camp
143	nBrv1-W8xMA	Immigrants are prone to committing crimes (violent, non-violent, or organised)	Immigration is a threat
144	cxH259bqqVU	Political rivals’ policy failed/ is failing/ will fail	It is Us vs. Them (the establishment)
145	M0z7qJEXTUs	Certain immigrants are unwilling/incapable to integrate	Immigrants’ identity and/or culture is problematic
146	BPOd7ScXO6g	Discrediting political rivals (e.g. ridicule, accusation)	It is Us vs. Them (the establishment)
147	5PH32_X9Byc	Certain immigrants /asylum seekers are discriminated against	Immigrants are victims
148	jJ35o_wkjiU	Many immigrants are terrorists	Immigration is a threat
149	W3VLk6sqz_0	Immigration helps tackle social & economic issues (e.g. skills and labour shortages)	Pragmatic approaches to immigration
150	ZoRxP7bzwCI	Immigrants are prone to committing crimes of a sexual nature	Immigration is a threat
151	jVzY4-7XKMA	Receiving immigrants is too expensive/ immigration burdens tax payers	Immigration burdens the economy & welfare narrative
152	Xy4rHAY0oI0	Certain immigrants are unwilling/incapable to integrate	Immigrants’ identity and/or culture is problematic
153	0l7aAMZh9bs	We will reinstate order	We are competent
154	jlTxV0W0UVw	Promoting policy initiatives or ideas	We are competent
155	2NfDVsk9YVE	Certain immigrants are unwilling/incapable to integrate	Immigrants’ identity and/or culture is problematic
156	iqQx3wYR7gg	Political rivals’ policy failed/ is failing/ will fail	It is Us vs. Them (the establishment)
157	MoDoJLFBgEA	Arabs and/or Muslims are a cultural/social threat	Immigrants’ identity and/or culture is problematic
158	ATouLKHNcE8	Immigration helps tackle social & economic issues (e.g. skills and labour shortages)	Pragmatic approaches to immigration
159	sPXPG4u4gwo	Certain immigrants /asylum seekers are discriminated against	Immigrants are victims
160	vCB_7GN76zY	None	None
161	hDJYvJ4HMj8	There are too many immigrants coming	Immigration is out of control
162	MCJSgsJ3ef0	Certain immigrants are unwilling/incapable to integrate	Immigrants’ identity and/or culture is problematic
163	755wamt5rVw	Many asylum seekers are actually economic migrants	Immigration burdens the economy & welfare narrative
164	XUXeNsqorMw	Discrediting political rivals (e.g. ridicule, accusation)	It is Us vs. Them (the establishment)
165	V4wHSWUyCf4	Immigrants are prone to committing crimes (violent, non-violent, or organised)	Immigration is a threat
166	cc_9mAfu8yg	Arabs and/or Muslims are a cultural/social threat	Immigrants’ identity and/or culture is problematic
167	v-hRFtwcjLM	Many asylum seekers are actually economic migrants	Immigration burdens the economy & welfare narrative
168	Z4tKrzCJhPE	Immigration is a threat to national security	Immigration is a threat
169	6dSnj3njQ2k	Immigrants are a strain on the housing market	Immigration burdens the economy & welfare narrative
170	wVdo3Mzz0y0	Political rivals’ policy failed/ is failing/ will fail	It is Us vs. Them (the establishment)
171	blOdp0UmRNw	Arabs and/or Muslims are a cultural/social threat	Immigrants’ identity and/or culture is problematic
172	FBRYf-zhbHw	Anti-Elitism	It is Us vs. Them (the establishment)
173	xibQmIxctf8	Discrediting political rivals (e.g. ridicule, accusation)	It is Us vs. Them (the establishment)
174	hhWJSsVzre4	Political rivals’ policy failed/ is failing/ will fail	It is Us vs. Them (the establishment)
175	I_Bhw5D_Lwk	Natives loose to immigrants / Immigrants receive better benefits than nationals	Immigration burdens the economy & welfare narrative
176	fGAEHroRlVU	Many asylum seekers are actually economic migrants	Immigration burdens the economy & welfare narrative
177	hE16sZYAUqU	Immigrants are victims of false hope	Immigrants are victims
178	3K50E3qRj-w	Immigrants are prone to committing crimes (violent, non-violent, or organised)	Immigration is a threat
179	K6dxkLu7owU	Great replacement	Immigration is part of a conspiracy
180	Rc_lHON6az0	Certain immigrants /asylum seekers are discriminated against	Immigrants are victims
181	HqhtHLORgsA	None	None
182	axVDgxx_GFo	Immigration is a threat to the European way of life / identity	Immigrants’ identity and/or culture is problematic
183	omcCysSkQqI	Immigrants suffer from labour exploitation	Immigrants are victims
184	jHJIXyHcoko	None	None
185	1HIM6AN-IA8	We will reinstate order	We are competent
186	8l20qIfsQu4	Certain immigrants /asylum seekers are discriminated against	Immigrants are victims
187	a3N6rNhw6tU	Our borders are strained and/or insufficiently controlled	Immigration is out of control
188	scJSlss-qz4	Immigrants suffer from labour exploitation	Immigrants are victims
189	3SJjAzI4STo	Immigrants are a strain on the housing market	Immigration burdens the economy & welfare narrative
190	rb6WEFGS95Y	None	None
191	7dsfkOET5_A	There are too many immigrants coming	Immigration is out of control
192	YvOllz6KZms	Certain immigrants are unwilling/incapable to integrate	Immigrants’ identity and/or culture is problematic
193	Eeh2oQ0A1ck	Immigrants suffer from labour exploitation	Immigrants are victims
194	H8424MIhZho	Many asylum seekers are actually economic migrants	Immigration burdens the economy & welfare narrative
195	ZNu2jiQrHuk	None	None
196	Et6goRZMcJ0	Immigrants are victims of human traffickers.	Immigrants are victims
197	QiZhbaM5Lyk	Immigrants are prone to committing crimes (violent, non-violent, or organised)	Immigration is a threat
198	4gcUD4KhbPg	Certain immigrants are unwilling/incapable to integrate	Immigrants’ identity and/or culture is problematic
199	k6dOiGKxnqo	Immigrants are prone to committing crimes of a sexual nature	Immigration is a threat
200	IfPIjaarP8o	Receiving immigrants is too expensive/ immigration burdens tax payers	Immigration burdens the economy & welfare narrative
201	tjGoh155_ew	There are too many immigrants coming	Immigration is out of control
202	_mnf6L7C-Ek	Blaming global elites	Immigration is part of a conspiracy
203	-gZy2o2KOSQ	Great replacement	Immigration is part of a conspiracy
204	cGh7YYulozM	We are being silenced	There is an unfair bias against our political camp
205	9ZWFzyVRjzU	Immigrants suffer from labour exploitation	Immigrants are victims
206	s28D5FGVd3w	Immigrants are a strain on the housing market	Immigration burdens the economy & welfare narrative
207	BvO6cGYRCrs	Immigration helps tackle social & economic issues (e.g. skills and labour shortages)	Pragmatic approaches to immigration
208	qrhZ444bnLY	Immigration helps tackle social & economic issues (e.g. skills and labour shortages)	Pragmatic approaches to immigration
209	qZdFS5px5vY	Our borders are strained and/or insufficiently controlled	Immigration is out of control
210	CbbkMLZPdLQ	MS or EU are in breach of international law (e.g. inadequate reception facilities, refoulement at the borders, prolonged asylum procedures)	Immigrants are victims
211	53XezmW-rs8	Immigration helps tackle social & economic issues (e.g. skills and labour shortages)	Pragmatic approaches to immigration
212	SikqFuDTa54	Promoting policy initiatives or ideas	We are competent
213	4XSYAG786H0	Receiving immigrants is too expensive/ immigration burdens tax payers	Immigration burdens the economy & welfare narrative
214	EZLTTodCYPo	Arabs and/or Muslims are a cultural/social threat	Immigrants’ identity and/or culture is problematic
215	8Lt54AAfSE0	Receiving immigrants is too expensive/ immigration burdens tax payers	Immigration burdens the economy & welfare narrative
216	Y5hzhM2aTdQ	Many immigrants are terrorists	Immigration is a threat
217	KOjkWWiKYEE	Natives first	Immigration burdens the economy & welfare narrative
218	7D5_a16IMdw	Immigration helps tackle social & economic issues (e.g. skills and labour shortages)	Pragmatic approaches to immigration
219	4GZbiUjKxfE	Immigrants do not contribute to the economy	Immigration burdens the economy & welfare narrative
220	ZVmgYS2T0AU	Immigration helps tackle social & economic issues (e.g. skills and labour shortages)	Pragmatic approaches to immigration
221	xYszwgWovDo	Arabs and/or Muslims are a cultural/social threat	Immigrants’ identity and/or culture is problematic
222	_3nEDVavuqk	EU is harmful for our nation	It is Us vs. Them (the establishment)
223	WApFbwutqT8	Immigrants do not contribute to the economy	Immigration burdens the economy & welfare narrative
224	9BoogogH9Gw	Immigrants are a strain on the housing market	Immigration burdens the economy & welfare narrative
225	tdxAxeDBoX4	Certain immigrants are unwilling/incapable to integrate	Immigrants’ identity and/or culture is problematic
226	FsGXjcg1Wgg	Immigrants abuse the welfare system	Immigration burdens the economy & welfare narrative
227	VpCcYMtA-Wo	Immigration is a threat to the European way of life / identity	Immigrants’ identity and/or culture is problematic
228	GSRTaQcaH24	Great replacement	Immigration is part of a conspiracy
229	Ck1AJ2yCFsE	There are too many immigrants coming	Immigration is out of control
230	3mkfDgUgTJM	Our borders are strained and/or insufficiently controlled	Immigration is out of control
231	fkFW3CequFg	Immigrants take our jobs	Immigration burdens the economy & welfare narrative
232	Kg0gL57uTXo	There are too many immigrants coming	Immigration is out of control
233	3AmqyicPfck	Immigrants are a strain on the housing market	Immigration burdens the economy & welfare narrative
234	6RRwUCGS6kc	There are too many immigrants coming	Immigration is out of control
235	GmlmaO5m8w0	Arabs and/or Muslims are a cultural/social threat	Immigrants’ identity and/or culture is problematic
236	J33gyzmAGcc	Immigrants are prone to committing crimes of a sexual nature	Immigration is a threat
237	RcOs57ScrWI	Promoting policy initiatives or ideas	We are competent
238	IZhGmz8Mf04	Immigrants are victims of human traffickers.	Immigrants are victims
239	umnNCQHAKNU	Immigrants suffer from labour exploitation	Immigrants are victims
240	y8doHQgHSik	Immigrants do not contribute to the economy	Immigration burdens the economy & welfare narrative
241	wEBtZOJ4WHU	Immigration is a threat to the European way of life / identity	Immigrants’ identity and/or culture is problematic
242	SKtlVeuHHWo	Natives loose to immigrants / Immigrants receive better benefits than nationals	Immigration burdens the economy & welfare narrative
243	fr7l9D32SMA	Immigrants are prone to committing crimes of a sexual nature	Immigration is a threat
244	Aq__wmJKPyw	Immigrants are a strain on the housing market	Immigration burdens the economy & welfare narrative
245	sOt9gUPKhA0	Anti-Elitism	It is Us vs. Them (the establishment)
246	51OOuNTEC0c	Immigrants are prone to committing crimes of a sexual nature	Immigration is a threat
247	sl28jH5zqRQ	Immigration helps tackle social & economic issues (e.g. skills and labour shortages)	Pragmatic approaches to immigration
248	Xzy_u8mZ-is	Political rivals act against the interests of the people	It is Us vs. Them (the establishment)
249	QSz-IzuwwWY	Immigrants suffer from labour exploitation	Immigrants are victims
250	K9FBPQlLwJE	Immigrants are prone to committing crimes (violent, non-violent, or organised)	Immigration is a threat
251	M8ws1Nd4WqQ	Political rivals act against the interests of the people	It is Us vs. Them (the establishment)
252	M-EmhFSAPP0	Immigration is abused as a political tool	Geopolitical narratives: Countries are acting against the interest of other countries
253	NOpEMNlozlM	Promoting policy initiatives or ideas	We are competent
254	TjN6C6ka_24	None	None
255	uXJxl0ELyRI	Our country is doing more than other countries to deal with immigration issues	Geopolitical narratives: Countries are acting against the interest of other countries
256	O53T_FQ9wTE	Political rivals act against the interests of the people	It is Us vs. Them (the establishment)
257	_T62A5MqkXQ	Immigration helps tackle social & economic issues (e.g. skills and labour shortages)	Pragmatic approaches to immigration
258	vcEoN5Psw_Q	Promoting policy initiatives or ideas	We are competent
259	gRX15BI_yfM	Immigrants are prone to committing crimes (violent, non-violent, or organised)	Immigration is a threat
260	klbk03d8PDw	Our borders are strained and/or insufficiently controlled	Immigration is out of control
261	f4XjfGLSrlA	Promoting policy initiatives or ideas	We are competent
262	rVPQuLVKNLg	Certain immigrants are unwilling/incapable to integrate	Immigrants’ identity and/or culture is problematic
263	WrOjIAAF9jU	Certain immigrants /asylum seekers are discriminated against	Immigrants are victims
264	cyJ-O50-80E	Immigrants are victims of human traffickers.	Immigrants are victims
265	FXVZ-rljieE	Political rivals’ policy failed/ is failing/ will fail	It is Us vs. Them (the establishment)
266	K1JGnjhfhqw	Political rivals’ policy failed/ is failing/ will fail	It is Us vs. Them (the establishment)
267	7Sm1w5Ij75w	Political rivals act against the interests of the people	It is Us vs. Them (the establishment)
268	HeOpCx41OIA	Great replacement	Immigration is part of a conspiracy
269	OLGctpBpv3Q	We represent the people	We are competent
270	M2DrBJvnfns	Promoting policy initiatives or ideas	We are competent
271	2i7Ec8GKqUY	Immigration helps tackle social & economic issues (e.g. skills and labour shortages)	Pragmatic approaches to immigration
272	jxzZcmp9qso	There are too many immigrants coming	Immigration is out of control
273	VnO4RnbLn7I	Our borders are strained and/or insufficiently controlled	Immigration is out of control
274	L27y3nsPu_s	Immigrants are prone to committing crimes of a sexual nature	Immigration is a threat
275	zWwhmZEmnrc	Immigration helps tackle social & economic issues (e.g. skills and labour shortages)	Pragmatic approaches to immigration
276	fkjbGmOlylc	Certain immigrants are unwilling/incapable to integrate	Immigrants’ identity and/or culture is problematic
277	m-_KH9PIasM	Political rivals’ policy failed/ is failing/ will fail	It is Us vs. Them (the establishment)
278	II3NgREcvUk	Promoting policy initiatives or ideas	We are competent
279	Q4Xi57Xdys4	Certain immigrants /asylum seekers are discriminated against	Immigrants are victims
280	yeqoct-ETjw	Promoting policy initiatives or ideas	We are competent
281	KJNxtYCWPtw	Promoting policy initiatives or ideas	We are competent
282	s1xmMe6BZgo	Our country is doing more than other countries to deal with immigration issues	Geopolitical narratives: Countries are acting against the interest of other countries
283	g6RmlkjVBaI	There are double-standards/ the system is corrupt	There is an unfair bias against our political camp
284	vdM7U63iWTY	We represent the people	We are competent
285	KJK9-tcuJng	Many immigrants are terrorists	Immigration is a threat
286	-owoDsjYIxw	Political rivals act against the interests of the people	It is Us vs. Them (the establishment)
287	sV6JSG855aQ	None	None
288	-8W-UfB1CIw	Immigrants do not contribute to the economy	Immigration burdens the economy & welfare narrative
289	87-uZC5McmE	Immigrants suffer from labour exploitation	Immigrants are victims
290	5sUYneTFoa0	Arabs and/or Muslims are a cultural/social threat	Immigrants’ identity and/or culture is problematic
291	we1JbglnHZA	Immigrants are victims of human traffickers.	Immigrants are victims
292	mWhieqoFQWs	None	None
293	jO8tnoihNoM	Great replacement	Immigration is part of a conspiracy
294	pa6xqJPVOUI	Many immigrants are terrorists	Immigration is a threat
295	mFvA9vM4rdM	Arabs and/or Muslims are a cultural/social threat	Immigrants’ identity and/or culture is problematic
296	0aEsxUz_SNM	Immigrants are prone to committing crimes of a sexual nature	Immigration is a threat
297	tjwiZkg2RKg	Receiving immigrants is too expensive/ immigration burdens tax payers	Immigration burdens the economy & welfare narrative
298	eJCesp08fv8	There are too many immigrants coming	Immigration is out of control
299	J5nEDgmQcf4	Immigrants are victims of human traffickers.	Immigrants are victims
300	F_rgzAQzs34	None	None
301	EFF6kMKGj5E	None	None
302	bPQ3ZLk75-w	Immigrants do not contribute to the economy	Immigration burdens the economy & welfare narrative
303	pLkOmlUTfEA	Certain immigrants are unwilling/incapable to integrate	Immigrants’ identity and/or culture is problematic
304	fZPzppzRO3w	Immigration is a threat to individual safety	Immigration is a threat
305	zWP4khJSuv8	Immigrants do not contribute to the economy	Immigration burdens the economy & welfare narrative
306	I4wdYX5mmRw	None	None
307	szis5ZioMsw	There are too many immigrants coming	Immigration is out of control
308	yacFtUJFYMw	Immigrants are victims of human traffickers.	Immigrants are victims
309	MIDB9sOduiU	Certain immigrants /asylum seekers are discriminated against	Immigrants are victims
310	w-8RtG8sSMM	Promoting policy initiatives or ideas	We are competent
311	Ft1-CXoa5E8	Immigration helps tackle social & economic issues (e.g. skills and labour shortages)	Pragmatic approaches to immigration
312	v64qQ2LZCkY	None	None
313	rkpv46b7gyM	Political rivals’ policy failed/ is failing/ will fail	It is Us vs. Them (the establishment)
314	bh03fEySVig	Arabs and/or Muslims are a cultural/social threat	Immigrants’ identity and/or culture is problematic
315	UIL1To1nwrc	Natives loose to immigrants / Immigrants receive better benefits than nationals	Immigration burdens the economy & welfare narrative
316	x3Im7S3xgCg	Certain immigrants are unwilling/incapable to integrate	Immigrants’ identity and/or culture is problematic
317	AaYhJT2rXYg	Receiving immigrants is too expensive/ immigration burdens tax payers	Immigration burdens the economy & welfare narrative
318	xzgkb0eL9T0	Immigrants are victims of human traffickers.	Immigrants are victims
319	Eew9X7OwQNM	Certain immigrants /asylum seekers are discriminated against	Immigrants are victims
320	DGoN7vMXsMc	Immigrants are victims of human traffickers.	Immigrants are victims
321	RqM2cCLjsjU	Immigration helps tackle social & economic issues (e.g. skills and labour shortages)	Pragmatic approaches to immigration
322	MTtM53e7SDM	None	None
323	ev7zxIhdFA4	There are double-standards/ the system is corrupt	There is an unfair bias against our political camp
324	6BuJ28RAg50	Political rivals act against the interests of the people	It is Us vs. Them (the establishment)
325	ksere3R7xBc	None	None
326	Jp43gGly874	None	None
327	eJND1L13fgI	None	None
328	UypNIBHEEV4	We are being silenced	There is an unfair bias against our political camp
329	Tw1eYaWl19g	Natives loose to immigrants / Immigrants receive better benefits than nationals	Immigration burdens the economy & welfare narrative
330	r-YDsAZUizs	There are too many immigrants coming	Immigration is out of control
331	CBloxQyptwE	Great replacement	Immigration is part of a conspiracy
332	DAET8G2-XmE	We are being silenced	There is an unfair bias against our political camp
333	_75qHYTdQlU	Immigration helps tackle social & economic issues (e.g. skills and labour shortages)	Pragmatic approaches to immigration
334	o4DW3MYyDDc	None	None
335	qgGKTyvTpbY	Immigrants are victims of false hope	Immigrants are victims
336	m50CPdlybwQ	Receiving immigrants is too expensive/ immigration burdens tax payers	Immigration burdens the economy & welfare narrative
337	q8XKifYjYeo	Immigrants are prone to committing crimes of a sexual nature	Immigration is a threat
338	wxOC4TeVzqM	Immigration helps tackle social & economic issues (e.g. skills and labour shortages)	Pragmatic approaches to immigration
339	lV1XTTuJUIY	Arabs and/or Muslims are a cultural/social threat	Immigrants’ identity and/or culture is problematic
340	wTrIBn9FlD8	Immigrants take our jobs	Immigration burdens the economy & welfare narrative
341	Zev0PZpH43E	Immigration helps tackle social & economic issues (e.g. skills and labour shortages)	Pragmatic approaches to immigration
342	FhnWW_lCUKA	Certain immigrants are unwilling/incapable to integrate	Immigrants’ identity and/or culture is problematic
343	VYn9-nYK_Ps	Political rivals’ policy failed/ is failing/ will fail	It is Us vs. Them (the establishment)
344	U4XmOXZEWNQ	None	None
345	h72AZZ_gDA8	MS or EU are in breach of international law (e.g. inadequate reception facilities, refoulement at the borders, prolonged asylum procedures)	Immigrants are victims
346	AthTdvnui7E	Immigration is a threat to individual safety	Immigration is a threat
347	UA38vTCYIoA	Immigrants are victims of false hope	Immigrants are victims
348	RL_2EFHPF3I	Immigration is abused as a political tool	Geopolitical narratives: Countries are acting against the interest of other countries
349	tpYNXcSwJ5Q	Immigration is a threat to the European way of life / identity	Immigrants’ identity and/or culture is problematic
350	ZhuTpyzvsYk	Immigrants are a strain on the housing market	Immigration burdens the economy & welfare narrative
351	QO-twX2Dn8o	We are being silenced	There is an unfair bias against our political camp
352	Ct6hYxkmcj8	Immigrants abuse the welfare system	Immigration burdens the economy & welfare narrative
353	TJRLVOXeG1E	Our borders are strained and/or insufficiently controlled	Immigration is out of control
354	rMrm8KxtQL8	Our borders are strained and/or insufficiently controlled	Immigration is out of control
355	XwfFIuxNgAI	We represent the people	We are competent
356	7ZBdDYOQzY0	Discrediting political rivals (e.g. ridicule, accusation)	It is Us vs. Them (the establishment)
357	xtfSn_BpY6E	Immigrants are victims of false hope	Immigrants are victims
358	FQIow5s67sM	We are being silenced	There is an unfair bias against our political camp
359	HVPX2kDylw4	None	None
360	uLhloCpyfF8	Natives first	Immigration burdens the economy & welfare narrative
361	XTTeZKcG1xs	We stand for common sense	We are competent
362	tXqqX7Xvlew	There are too many immigrants coming	Immigration is out of control
363	ao4uOBZkrRc	Our borders are strained and/or insufficiently controlled	Immigration is out of control
364	TCXAjVOT3b4	Immigrants are a strain on the housing market	Immigration burdens the economy & welfare narrative
365	0Me6ZrQn9D0	Our borders are strained and/or insufficiently controlled	Immigration is out of control
366	LKfjYmu0pCo	Many asylum seekers are actually economic migrants	Immigration burdens the economy & welfare narrative
367	_TR1RuOBRrI	The judicial system favours political rivals and/or obstructs own political camp	There is an unfair bias against our political camp
368	zD3TQZi5zaQ	None	None
369	GxQjfvwJ7Eg	Discrediting political rivals (e.g. ridicule, accusation)	It is Us vs. Them (the establishment)
370	IsKL7q3kJLQ	Immigration is a threat to individual safety	Immigration is a threat
371	D8vNnIWB_7M	None	None
372	cCiss4qSVdM	Immigrants take our jobs	Immigration burdens the economy & welfare narrative
373	j1uBE4ZFbhU	None	None
374	9voYe3w4Kyk	Natives loose to immigrants / Immigrants receive better benefits than nationals	Immigration burdens the economy & welfare narrative
375	DiFCvzUZ06E	Immigrants abuse the welfare system	Immigration burdens the economy & welfare narrative
376	J4cKJ4LSkzU	Immigration is a threat to the European way of life / identity	Immigrants’ identity and/or culture is problematic
377	fIoXYVaVqbU	Political rivals’ policy failed/ is failing/ will fail	It is Us vs. Them (the establishment)
378	39N3nDu3IV4	Political rivals’ policy failed/ is failing/ will fail	It is Us vs. Them (the establishment)
379	kKPmxrLN51M	Promoting policy initiatives or ideas	We are competent
380	UUY0a3j0vFM	Natives loose to immigrants / Immigrants receive better benefits than nationals	Immigration burdens the economy & welfare narrative
381	JWWnTlkuJoQ	Arabs and/or Muslims are a cultural/social threat	Immigrants’ identity and/or culture is problematic
382	fODRApeOkig	Our borders are strained and/or insufficiently controlled	Immigration is out of control
383	20Q3tWxLDdY	We are being silenced	There is an unfair bias against our political camp
384	MYOU-5RzSbM	There are double-standards/ the system is corrupt	There is an unfair bias against our political camp
385	D4Nq60aJfAY	Promoting policy initiatives or ideas	We are competent
386	SPXYFex2ar0	Many asylum seekers are actually economic migrants	Immigration burdens the economy & welfare narrative
387	n58LMdogJTk	Immigrants do not contribute to the economy	Immigration burdens the economy & welfare narrative
388	B3NHRyKI9Xo	Immigrants suffer from labour exploitation	Immigrants are victims
389	iXUgGiX9usc	None	None
390	btjKvdBFZv0	Immigrants are a strain on the housing market	Immigration burdens the economy & welfare narrative
391	oX3SYF0zdM0	Political rivals act against the interests of the people	It is Us vs. Them (the establishment)
392	ak-Ur7HXmtE	Immigration is a threat to national security	Immigration is a threat
393	l_3rmi7kNAA	Immigrants suffer from labour exploitation	Immigrants are victims
394	qsf7ih9HIhY	Immigration is a threat to national security	Immigration is a threat
395	S8f9hPCPvF4	Immigrants are prone to committing crimes of a sexual nature	Immigration is a threat
396	M2PSVyMEOhM	Political rivals’ policy failed/ is failing/ will fail	It is Us vs. Them (the establishment)
397	0wb-cYV5oT8	Political rivals’ policy failed/ is failing/ will fail	It is Us vs. Them (the establishment)
398	76L6VHXSPJw	There are too many immigrants coming	Immigration is out of control
399	VPTQIYtOGzo	Political rivals act against the interests of the people	It is Us vs. Them (the establishment)
400	zsdR06sBSIg	Receiving immigrants is too expensive/ immigration burdens tax payers	Immigration burdens the economy & welfare narrative
401	VEw2EFM3fm0	Immigrants are victims of human traffickers.	Immigrants are victims
402	Bt3yjHvAr28	None	None
403	ghXzubaibqA	Immigration is a threat to the European way of life / identity	Immigrants’ identity and/or culture is problematic
404	oNMKVjnTO1w	Mainstream media are biased	There is an unfair bias against our political camp
405	Xeb6V3dfvhs	MS or EU are in breach of international law (e.g. inadequate reception facilities, refoulement at the borders, prolonged asylum procedures)	Immigrants are victims
406	fucAmekUKAc	None	None
407	YvoWanF0G0A	None	None
408	8HbLQm9QMQw	Natives loose to immigrants / Immigrants receive better benefits than nationals	Immigration burdens the economy & welfare narrative
409	WumjmnmFsp0	Certain immigrants are unwilling/incapable to integrate	Immigrants’ identity and/or culture is problematic
410	vr1V0MxtG_s	Many asylum seekers are actually economic migrants	Immigration burdens the economy & welfare narrative
411	yLwk_y8nU4k	Immigrants are a strain on the housing market	Immigration burdens the economy & welfare narrative
412	Q9o4htV1us0	Reminder that immigration is an issue	Narrative strategy to remain in the news
413	Kbs6UiE23Ss	Discrediting political rivals (e.g. ridicule, accusation)	It is Us vs. Them (the establishment)
414	NQPnGFzXO0g	Discrediting political rivals (e.g. ridicule, accusation)	It is Us vs. Them (the establishment)
415	Oj9GATgJSMU	None	None
416	UHNIGeMDtL4	None	None
417	SCBAsn0FVSU	Certain immigrants /asylum seekers are discriminated against	Immigrants are victims
418	jr_XJB_Kgto	Receiving immigrants is too expensive/ immigration burdens tax payers	Immigration burdens the economy & welfare narrative
419	PfTnObbJGac	Self-promotion	Narrative strategy to remain in the news
420	ZzGY4aCco-4	Immigrants are victims of human traffickers.	Immigrants are victims
421	Pi5fWGxRuho	There are too many immigrants coming	Immigration is out of control
422	dG1sjCi4Tm4	Certain immigrants are unwilling/incapable to integrate	Immigrants’ identity and/or culture is problematic
423	7qpHiMWBT1c	None	None
424	OeBsgd3VBmE	Immigrants do not contribute to the economy	Immigration burdens the economy & welfare narrative
425	LMz-IOqCgSQ	We stand for common sense	We are competent
426	dc4uBew6EAk	None	None
427	M6Y0OhlsYUc	Political rivals’ policy failed/ is failing/ will fail	It is Us vs. Them (the establishment)
428	pNEKtaHdIkM	Immigrants do not contribute to the economy	Immigration burdens the economy & welfare narrative
429	TcwvDuJ-KY0	Political rivals’ policy failed/ is failing/ will fail	It is Us vs. Them (the establishment)
430	IBEp16hBipY	Great replacement	Immigration is part of a conspiracy
431	slRly0ayfc0	There are too many immigrants coming	Immigration is out of control
432	IISn4_4bOIU	Immigrants suffer from labour exploitation	Immigrants are victims
433	vu-V2xl2bBQ	Arabs and/or Muslims are a cultural/social threat	Immigrants’ identity and/or culture is problematic
434	EWSv13yOtOM	Certain immigrants are unwilling/incapable to integrate	Immigrants’ identity and/or culture is problematic
435	E4laSTMdCpg	Immigrants are victims of human traffickers.	Immigrants are victims
436	IJq4edd5_a0	None	None
437	CRJHfwWt8kc	Natives loose to immigrants / Immigrants receive better benefits than nationals	Immigration burdens the economy & welfare narrative
438	5edSQAwHxLU	Natives loose to immigrants / Immigrants receive better benefits than nationals	Immigration burdens the economy & welfare narrative
439	GYGA5Z0tDdA	Applauding political allies	We are competent
440	1tck1kHMuH4	Political rivals’ policy failed/ is failing/ will fail	It is Us vs. Them (the establishment)
441	_2mdS-LP8FU	Anti-Elitism	It is Us vs. Them (the establishment)
442	FvEI1WRi5dQ	None	None
443	nQdjlCOJXho	None	None
444	WAvO1s8L6BI	Immigration helps tackle social & economic issues (e.g. skills and labour shortages)	Pragmatic approaches to immigration
445	61LQhzkbnsc	None	None
446	WjC0KJotidI	Immigrants are prone to committing crimes of a sexual nature	Immigration is a threat
447	jFsE5g05cTI	Immigrants suffer from labour exploitation	Immigrants are victims
448	PKikIeA-ick	None	None
449	wFoWqRDl1mI	Political rivals’ policy failed/ is failing/ will fail	It is Us vs. Them (the establishment)
450	Lk1OXVLU6DQ	Reminder that immigration is an issue	Narrative strategy to remain in the news
451	fsYqmAswJx8	Certain immigrants are unwilling/incapable to integrate	Immigrants’ identity and/or culture is problematic
452	WE0MmXmpOs0	Arabs and/or Muslims are a cultural/social threat	Immigrants’ identity and/or culture is problematic
453	9emlkTBJkPM	There are too many immigrants coming	Immigration is out of control
454	azfIIdpaYy4	We represent the people	We are competent
455	eqD8jfVO9ko	None	None
456	NQd4h2M9TbA	Immigration is a threat to the European way of life / identity	Immigrants’ identity and/or culture is problematic
457	qhrg5Kgz0fQ	There are double-standards/ the system is corrupt	There is an unfair bias against our political camp
458	buHqZX3VoP0	Promoting policy initiatives or ideas	We are competent
459	NeIUHrSZ5RQ	Immigrants are victims of false hope	Immigrants are victims
460	RqUZ4sGbAQw	Political rivals act against the interests of the people	It is Us vs. Them (the establishment)
461	4Lp5XRNFjgk	Promoting policy initiatives or ideas	We are competent
462	pfXWfpwoRJE	None	None
463	bxZo4tqxVuI	Immigrants are prone to committing crimes (violent, non-violent, or organised)	Immigration is a threat
464	evt9nnRankI	Natives first	Immigration burdens the economy & welfare narrative
465	gPJSL0JcmtY	Political rivals’ policy failed/ is failing/ will fail	It is Us vs. Them (the establishment)
466	Y8srl72hvvM	Natives loose to immigrants / Immigrants receive better benefits than nationals	Immigration burdens the economy & welfare narrative
467	uRmsxg9Php0	Certain immigrants /asylum seekers are discriminated against	Immigrants are victims
468	zjrwhLSis-s	Natives loose to immigrants / Immigrants receive better benefits than nationals	Immigration burdens the economy & welfare narrative
469	AqR_NoTfOTA	Immigration is a threat to individual safety	Immigration is a threat
470	jxGJX_3q91w	Political rivals’ policy failed/ is failing/ will fail	It is Us vs. Them (the establishment)
471	VwPZ6WaKLpI	None	None
472	nwe5irR-lGQ	Blaming global elites	Immigration is part of a conspiracy
473	PUZk7AEqSR8	Our borders are strained and/or insufficiently controlled	Immigration is out of control
474	pY5hRE0Nsxs	Receiving immigrants is too expensive/ immigration burdens tax payers	Immigration burdens the economy & welfare narrative
475	PH3hwgcJcHw	None	None
476	vhZR4giJ6rM	There are too many immigrants coming	Immigration is out of control
477	4e3o1Z9mo50	Political rivals act against the interests of the people	It is Us vs. Them (the establishment)
478	NyZb9NNfYtM	None	None
479	1cCfskJMpMk	We stand for common sense	We are competent
480	PR_DnSETJB4	Reminder that immigration is an issue	Narrative strategy to remain in the news
481	E2xgzErE_vQ	Immigrants are victims of human traffickers.	Immigrants are victims
482	h2tjDEEqrjY	Discrediting political rivals (e.g. ridicule, accusation)	It is Us vs. Them (the establishment)
483	6nsqLyzsiRM	Immigrants do not contribute to the economy	Immigration burdens the economy & welfare narrative
484	wBBZT-aGfcU	Our borders are strained and/or insufficiently controlled	Immigration is out of control
485	nK_4G8q3ODw	None	None
486	YqTCuhxwhO8	MS or EU are in breach of international law (e.g. inadequate reception facilities, refoulement at the borders, prolonged asylum procedures)	Immigrants are victims
487	GAJgS8GziQ4	Certain immigrants are unwilling/incapable to integrate	Immigrants’ identity and/or culture is problematic
488	yqhn8h5iCro	Certain immigrants are unwilling/incapable to integrate	Immigrants’ identity and/or culture is problematic
489	wcHYkQB2WCk	Political rivals’ policy failed/ is failing/ will fail	It is Us vs. Them (the establishment)
490	UVPY6DABDrk	Our borders are strained and/or insufficiently controlled	Immigration is out of control
491	y2LeIvIYHvc	None	None
492	bkS8kY1WloI	Political rivals act against the interests of the people	It is Us vs. Them (the establishment)
493	KQ-ipJrJkiw	Discrediting political rivals (e.g. ridicule, accusation)	It is Us vs. Them (the establishment)
494	ihtWuMf2KIA	None	None
495	sU8C-hJXxnM	Our borders are strained and/or insufficiently controlled	Immigration is out of control
496	4vetttTBIio	There are too many immigrants coming	Immigration is out of control
497	Zw8KBk7lHms	Immigration is a threat to the European way of life / identity	Immigrants’ identity and/or culture is problematic
498	S3yGcC2pH9k	Many asylum seekers are actually economic migrants	Immigration burdens the economy & welfare narrative
499	BqWZ98mG3_M	Political rivals’ policy failed/ is failing/ will fail	It is Us vs. Them (the establishment)
500	AUTyIam78DU	Natives first	Immigration burdens the economy & welfare narrative
501	HCj9iTIi2fE	None	None
502	krB9Zv27hEo	None	None
503	QtI9Y3cU5EA	None	None
504	XhbEUcbNbmA	We will reinstate order	We are competent
505	GvgwjGfkB48	We represent the people	We are competent
506	ZkP6NLJzGG8	MS or EU are in breach of international law (e.g. inadequate reception facilities, refoulement at the borders, prolonged asylum procedures)	Immigrants are victims
507	eO0887_1q78	Great replacement	Immigration is part of a conspiracy
508	bMaTYLyOS0s	Our borders are strained and/or insufficiently controlled	Immigration is out of control
509	VL5UNCwLPFs	We are being silenced	There is an unfair bias against our political camp
510	Zy9VBBLhxEU	Immigration is a threat to the European way of life / identity	Immigrants’ identity and/or culture is problematic
511	oMJctEWidOI	Discrediting political rivals (e.g. ridicule, accusation)	It is Us vs. Them (the establishment)
512	5fJ21Rjc5ck	Natives loose to immigrants / Immigrants receive better benefits than nationals	Immigration burdens the economy & welfare narrative
513	bDcbIMZeaEw	Promoting policy initiatives or ideas	We are competent
514	2rIH_7nbSWQ	Natives loose to immigrants / Immigrants receive better benefits than nationals	Immigration burdens the economy & welfare narrative
515	GfP2fZMecQM	Discrediting political rivals (e.g. ridicule, accusation)	It is Us vs. Them (the establishment)
516	AXKF9dhO-Eo	Political rivals’ policy failed/ is failing/ will fail	It is Us vs. Them (the establishment)
517	VF4nWOI2x_s	There are too many immigrants coming	Immigration is out of control
518	OPcLcDvHGOE	Our borders are strained and/or insufficiently controlled	Immigration is out of control
519	cjG_rK6ZW2Y	We will reinstate order	We are competent
520	riu6k-NxDOw	Arabs and/or Muslims are a cultural/social threat	Immigrants’ identity and/or culture is problematic
521	LA8_WxveR7Y	None	None
522	8pnvf0ONR8c	Immigrants do not contribute to the economy	Immigration burdens the economy & welfare narrative
523	OSys_GTZ75Q	Immigrants are prone to committing crimes of a sexual nature	Immigration is a threat
524	CU6zfKG53xg	Certain immigrants /asylum seekers are discriminated against	Immigrants are victims
525	xFSJFk7OX7w	We stand for common sense	We are competent
526	c-3RROugI5s	Our borders are strained and/or insufficiently controlled	Immigration is out of control
527	ped1YynN25g	Let’s overthrow the establishment	It is Us vs. Them (the establishment)
528	uoy2UVUQqOU	None	None
529	BeNv4gMBKpc	There are double-standards/ the system is corrupt	There is an unfair bias against our political camp
530	FRjiReKFcQI	None	None
531	4HNRm_Mts5M	None	None
532	9x_ZeEoZF4U	Certain immigrants /asylum seekers are discriminated against	Immigrants are victims
533	dWYA5jNiHx8	Promoting policy initiatives or ideas	We are competent
534	Rou_7v5ZgLM	Political rivals’ policy failed/ is failing/ will fail	It is Us vs. Them (the establishment)
535	ryvxmIGJG2o	There are too many immigrants coming	Immigration is out of control
536	agxDrfN4df0	Receiving immigrants is too expensive/ immigration burdens tax payers	Immigration burdens the economy & welfare narrative
537	i0p9xnqLnWY	There are double-standards/ the system is corrupt	There is an unfair bias against our political camp
538	IlOL3kxMDnc	Discrediting political rivals (e.g. ridicule, accusation)	It is Us vs. Them (the establishment)
539	VsRfJctPvY0	Blaming global elites	Immigration is part of a conspiracy
540	enIuMnbMjTE	None	None
541	GsEtno2AqXI	None	None
542	_W-7zVe_un8	Certain immigrants are unwilling/incapable to integrate	Immigrants’ identity and/or culture is problematic
543	sMFXWO5-Ys8	Immigration is a threat to national security	Immigration is a threat
544	71YKQ_h9zyQ	Our borders are strained and/or insufficiently controlled	Immigration is out of control
545	zYIErcM4o-4	Political rivals’ policy failed/ is failing/ will fail	It is Us vs. Them (the establishment)
546	QFTjIgM3vIc	Anti-Elitism	It is Us vs. Them (the establishment)
547	cK0kYvsGC_s	Many immigrants are terrorists	Immigration is a threat
548	ETis7eNkeU8	Natives loose to immigrants / Immigrants receive better benefits than nationals	Immigration burdens the economy & welfare narrative
549	tSpLOyI05Ow	Certain immigrants /asylum seekers are discriminated against	Immigrants are victims
550	8nLzs76Jx40	Arabs and/or Muslims are a cultural/social threat	Immigrants’ identity and/or culture is problematic
551	JAc3bUBsq6g	None	None
552	uCgLdjafJ0Q	Self-promotion	Narrative strategy to remain in the news
553	C1uRCy21of4	Natives loose to immigrants / Immigrants receive better benefits than nationals	Immigration burdens the economy & welfare narrative
554	wrQcAINO4LY	None	None
555	T4thK7sVCwM	Political rivals’ policy failed/ is failing/ will fail	It is Us vs. Them (the establishment)
556	wOwBVc2T10Q	None	None
557	hHseegahOeo	Certain immigrants are unwilling/incapable to integrate	Immigrants’ identity and/or culture is problematic
558	sPb76lLYA6M	Immigrants are a strain on the housing market	Immigration burdens the economy & welfare narrative
559	eLTuAxJomaU	None	None
560	trkT5PnVqj8	Natives loose to immigrants / Immigrants receive better benefits than nationals	Immigration burdens the economy & welfare narrative
561	mrLliDv8Pns	Receiving immigrants is too expensive/ immigration burdens tax payers	Immigration burdens the economy & welfare narrative
562	4k-2GG8BJDk	Many immigrants are terrorists	Immigration is a threat
563	ssTjHVAujiY	Anti-Elitism	It is Us vs. Them (the establishment)
564	0J2gSdJYv_k	Immigrants abuse the welfare system	Immigration burdens the economy & welfare narrative
565	QjLhNdg1G6s	Immigrants are victims of false hope	Immigrants are victims
566	epGKhomjfHM	Immigrants are a strain on the housing market	Immigration burdens the economy & welfare narrative
567	EDN2GlkgayQ	Anti-Elitism	It is Us vs. Them (the establishment)
568	rGDv1b9TBZU	Immigrants do not contribute to the economy	Immigration burdens the economy & welfare narrative
569	F3-bv6Se43E	Receiving immigrants is too expensive/ immigration burdens tax payers	Immigration burdens the economy & welfare narrative
570	2jtZ0Bt8-Vk	Immigrants are victims of human traffickers.	Immigrants are victims
571	GTNO3sza0-g	Natives loose to immigrants / Immigrants receive better benefits than nationals	Immigration burdens the economy & welfare narrative
572	jQc58thperc	Political rivals’ policy failed/ is failing/ will fail	It is Us vs. Them (the establishment)
573	BqPVleoFq_Y	Immigration is a threat to national security	Immigration is a threat
574	H391zby7UvM	None	None
575	oV4POdjLCtE	We are being silenced	There is an unfair bias against our political camp
576	LxQP_-Zb__E	None	None
577	lXieaqydrPo	Immigration helps tackle social & economic issues (e.g. skills and labour shortages)	Pragmatic approaches to immigration
578	icu1OFZZQZw	Natives loose to immigrants / Immigrants receive better benefits than nationals	Immigration burdens the economy & welfare narrative
579	-Z6S70_bUh4	Our borders are strained and/or insufficiently controlled	Immigration is out of control
580	wEIW-IRAWaI	Anti-Elitism	It is Us vs. Them (the establishment)
581	g3YH9tBXY4Y	Let’s overthrow the establishment	It is Us vs. Them (the establishment)
582	z77Ha7qgJMI	Certain immigrants /asylum seekers are discriminated against	Immigrants are victims
583	OT3MYCMNOsQ	None	None
584	0dS4ya_CN3w	Political rivals’ policy failed/ is failing/ will fail	It is Us vs. Them (the establishment)
585	kAEqVak3SiI	None	None
586	YNWgJ3_gclw	None	None
587	gphTDi6xQqA	None	None
588	76m3aPl6BoE	Receiving immigrants is too expensive/ immigration burdens tax payers	Immigration burdens the economy & welfare narrative
589	305us-M8mB8	There are too many immigrants coming	Immigration is out of control
590	FU2eGyHN7o8	Immigration is a threat to individual safety	Immigration is a threat
591	g1Q4P_rugoM	Immigration is a threat to individual safety	Immigration is a threat
592	nYSkAhwyKCE	Immigration helps tackle social & economic issues (e.g. skills and labour shortages)	Pragmatic approaches to immigration
593	wW_k9-zUTAk	MS or EU are in breach of international law (e.g. inadequate reception facilities, refoulement at the borders, prolonged asylum procedures)	Immigrants are victims
594	0Z0YpgCenSk	Promoting policy initiatives or ideas	We are competent
595	_P1WOBI1S-E	Natives first	Immigration burdens the economy & welfare narrative
596	jadaSq2P5bA	Political rivals’ policy failed/ is failing/ will fail	It is Us vs. Them (the establishment)
597	zTvK-FGPL6E	Immigration is a threat to national security	Immigration is a threat
598	f9zFKdFLT6Q	Immigrants abuse the welfare system	Immigration burdens the economy & welfare narrative
599	p8GEx3R7fS0	Certain immigrants /asylum seekers are discriminated against	Immigrants are victims
600	ycJsOEzzKi0	Immigrants are a strain on the housing market	Immigration burdens the economy & welfare narrative
601	5P6nd11BKS0	Immigrants are prone to committing crimes of a sexual nature	Immigration is a threat
602	91smBgaR7Is	Receiving immigrants is too expensive/ immigration burdens tax payers	Immigration burdens the economy & welfare narrative
603	9t8p0nkCkRk	Arabs and/or Muslims are a cultural/social threat	Immigrants’ identity and/or culture is problematic
604	u6ZmH-RUpb4	Promoting policy initiatives or ideas	We are competent
605	sY-vM6QT-yc	There are too many immigrants coming	Immigration is out of control
606	kYXSaGCYb2I	Our borders are strained and/or insufficiently controlled	Immigration is out of control
607	iVW_emEw-eE	Promoting policy initiatives or ideas	We are competent
608	fMqgjbYIMP4	There are double-standards/ the system is corrupt	There is an unfair bias against our political camp
609	SLZtzYfykz8	Natives loose to immigrants / Immigrants receive better benefits than nationals	Immigration burdens the economy & welfare narrative
610	AOAiQfGMGFo	There are too many immigrants coming	Immigration is out of control
611	Ac153KpSr88	Political rivals act against the interests of the people	It is Us vs. Them (the establishment)
612	KGWbhV2wVDM	Political rivals’ policy failed/ is failing/ will fail	It is Us vs. Them (the establishment)
613	4g7GJnwoxu0	We are being silenced	There is an unfair bias against our political camp
614	YlLuEbmi-JA	Many immigrants are terrorists	Immigration is a threat
615	99rVEQc6Hfk	We stand for common sense	We are competent
616	bEQFggaEhz0	None	None
617	mFmu8JVAQ7Y	Immigration is a threat to the European way of life / identity	Immigrants’ identity and/or culture is problematic
618	QWoz-7cCokY	We are being silenced	There is an unfair bias against our political camp
619	ZDuiDhwSunk	Immigrants are prone to committing crimes (violent, non-violent, or organised)	Immigration is a threat
620	fxhZlQUH_3A	Immigration helps tackle social & economic issues (e.g. skills and labour shortages)	Pragmatic approaches to immigration
621	BkdzkJMMdHw	Immigrants do not contribute to the economy	Immigration burdens the economy & welfare narrative
622	ttbwZCxPyaA	Immigration is a threat to individual safety	Immigration is a threat
623	uB6Ff9_XMZo	Immigration is a threat to the European way of life / identity	Immigrants’ identity and/or culture is problematic
624	ilyAX0pH-0s	Immigrants are prone to committing crimes (violent, non-violent, or organised)	Immigration is a threat
625	gaqqqUG3Q2I	Certain immigrants /asylum seekers are discriminated against	Immigrants are victims
626	8jFMHsVDsZE	Immigrants suffer from labour exploitation	Immigrants are victims
627	Mkb07J1hbck	None	None
628	vu1-vb6jLLU	Discrediting political rivals (e.g. ridicule, accusation)	It is Us vs. Them (the establishment)
629	LpLLYhslnnw	Self-promotion	Narrative strategy to remain in the news
630	KlL_sJX6e9k	Promoting policy initiatives or ideas	We are competent
631	owlipPxehhE	Immigration helps tackle social & economic issues (e.g. skills and labour shortages)	Pragmatic approaches to immigration
632	Im8mYMaqvds	Immigrants are prone to committing crimes (violent, non-violent, or organised)	Immigration is a threat
633	uaTxBqX3hvk	Political rivals’ policy failed/ is failing/ will fail	It is Us vs. Them (the establishment)
634	FRsri8pfIL0	Promoting policy initiatives or ideas	We are competent
635	EVfzkAPqnDE	Self-promotion	Narrative strategy to remain in the news
636	Ef1gBpeIY7c	Immigrants are prone to committing crimes (violent, non-violent, or organised)	Immigration is a threat
637	HlqaFbxScwA	Certain immigrants /asylum seekers are discriminated against	Immigrants are victims
638	-cq6PV_O0Eo	Certain immigrants are unwilling/incapable to integrate	Immigrants’ identity and/or culture is problematic
639	JSLiQLZfwEQ	Many immigrants are terrorists	Immigration is a threat
640	CDlRpD5kdCQ	Immigration helps tackle social & economic issues (e.g. skills and labour shortages)	Pragmatic approaches to immigration
641	pl-pMScMwQM	We will reinstate order	We are competent
642	UH3xeCF3HjI	Immigration helps tackle social & economic issues (e.g. skills and labour shortages)	Pragmatic approaches to immigration
643	kpna03VY3nc	Promoting policy initiatives or ideas	We are competent
644	pURZe-KCX50	Discrediting political rivals (e.g. ridicule, accusation)	It is Us vs. Them (the establishment)
645	aFQqF_S04GY	Discrediting political rivals (e.g. ridicule, accusation)	It is Us vs. Them (the establishment)
646	0kTE1UnLmBA	Natives first	Immigration burdens the economy & welfare narrative
647	pY0gjPBvPjE	We are being silenced	There is an unfair bias against our political camp
648	noV4RbOAmHE	Political rivals act against the interests of the people	It is Us vs. Them (the establishment)
649	OSUJ_UxKQCA	Certain immigrants /asylum seekers are discriminated against	Immigrants are victims
650	Sy5-QELRMKM	EU/MS do not have the means to properly take care of immigrants, therefore it is better for them not to come here.	Immigrants are victims
651	2aX3HP69k-g	Discrediting political rivals (e.g. ridicule, accusation)	It is Us vs. Them (the establishment)
652	jOOqcsyWSdg	Political rivals act against the interests of the people	It is Us vs. Them (the establishment)
653	3Ol_0QnAUug	Immigrants are victims of human traffickers.	Immigrants are victims
654	SjC7QYMNQK4	Certain immigrants /asylum seekers are discriminated against	Immigrants are victims
655	tIlaYS7Voqw	Political rivals act against the interests of the people	It is Us vs. Them (the establishment)
656	G4TdCZkACow	Immigration helps tackle social & economic issues (e.g. skills and labour shortages)	Pragmatic approaches to immigration
657	qIkc9l_JBec	Political rivals’ policy failed/ is failing/ will fail	It is Us vs. Them (the establishment)
658	QCP78U075B0	None	None
659	VN4OvBWbRU0	Immigration is a threat to individual safety	Immigration is a threat
660	fgDUeq3e29A	There are double-standards/ the system is corrupt	There is an unfair bias against our political camp
661	R7SkDtEQAsM	Immigration reduces the attractiveness of location and lowers overall life quality	Immigration burdens the economy & welfare narrative
662	Hj7HhqKYzKY	We will reinstate order	We are competent
663	x9oGTGq-eTc	Natives first	Immigration burdens the economy & welfare narrative
664	XBmUObSk-Kc	We will reinstate order	We are competent
665	KgVts1m44aU	Immigrants are victims of human traffickers.	Immigrants are victims
666	yDItTxQvJJU	Political rivals act against the interests of the people	It is Us vs. Them (the establishment)
667	6mGC-Eye1YI	There are too many immigrants coming	Immigration is out of control
668	2ooAjw-kBMk	Immigrants are victims of human traffickers.	Immigrants are victims
669	gUEMpLxi8nE	Anti-Elitism	It is Us vs. Them (the establishment)
670	sVoYSPz-7og	Promoting policy initiatives or ideas	We are competent
671	8Q7Lc_FSGk8	We will reinstate order	We are competent
672	fxg-lt7fHyc	Reminder that immigration is an issue	Narrative strategy to remain in the news
673	KGCvzAkk6Zs	We are being silenced	There is an unfair bias against our political camp
674	Phj3D6xMa9g	Promoting policy initiatives or ideas	We are competent
675	wmqUx0KJ97o	Many asylum seekers are actually economic migrants	Immigration burdens the economy & welfare narrative
676	QrZCMbem7Ew	Mainstream media are biased	There is an unfair bias against our political camp
677	SudIgvD7EG4	Certain immigrants are unwilling/incapable to integrate	Immigrants’ identity and/or culture is problematic
678	8JMv0mDAk0c	Our borders are strained and/or insufficiently controlled	Immigration is out of control
679	GzhpFWZYM9Y	Political rivals’ policy failed/ is failing/ will fail	It is Us vs. Them (the establishment)
680	zuHmz7IWBxg	Immigration reduces the attractiveness of location and lowers overall life quality	Immigration burdens the economy & welfare narrative
681	lQUsaQqTVOg	Discrediting liberal values	It is Us vs. Them (the establishment)
682	egiVhJ8zYTI	Reminder that immigration is an issue	Narrative strategy to remain in the news
683	Z07QpdmSJ0E	Immigration is a threat to individual safety	Immigration is a threat
684	9K5qoVx5niE	MS or EU are in breach of international law (e.g. inadequate reception facilities, refoulement at the borders, prolonged asylum procedures)	Immigrants are victims
685	HOSl-5VUOh8	Natives first	Immigration burdens the economy & welfare narrative
686	CJ6sRBFHvrw	Anti-Elitism	It is Us vs. Them (the establishment)
687	mQg1MAbyJX8	We will reinstate order	We are competent
688	3S4qzTT6xDE	Promoting policy initiatives or ideas	We are competent
689	BrTKc9DVqRQ	There are too many immigrants coming	Immigration is out of control
690	DLxtVuAb6L8	Discrediting political rivals (e.g. ridicule, accusation)	It is Us vs. Them (the establishment)
691	6NeszODsBr4	Certain immigrants /asylum seekers are discriminated against	Immigrants are victims
692	ENNfsBAjITE	Political rivals act against the interests of the people	It is Us vs. Them (the establishment)
693	WUJdH83qmXs	Our country is doing more than other countries to deal with immigration issues	Geopolitical narratives: Countries are acting against the interest of other countries
694	b9ijh956jto	Immigration is a threat to individual safety	Immigration is a threat
695	rOl_xBeuul4	Receiving immigrants is too expensive/ immigration burdens tax payers	Immigration burdens the economy & welfare narrative
696	W0ERkczJ47U	Political rivals act against the interests of the people	It is Us vs. Them (the establishment)
697	a3Cl3b9_ivc	Many asylum seekers are actually economic migrants	Immigration burdens the economy & welfare narrative
698	H57dVA2PrRw	Immigrants do not contribute to the economy	Immigration burdens the economy & welfare narrative
699	cSoU-3T1Tvg	Certain immigrants /asylum seekers are discriminated against	Immigrants are victims
700	zSQTyfBhMew	EU/MS do not have the means to properly take care of immigrants, therefore it is better for them not to come here.	Immigrants are victims
701	a7pABZKVeUA	Our country is doing more than other countries to deal with immigration issues	Geopolitical narratives: Countries are acting against the interest of other countries
702	prusEDCpCmc	Immigrants are victims of human traffickers.	Immigrants are victims
703	y7Mf6BCprks	Discrediting political rivals (e.g. ridicule, accusation)	It is Us vs. Them (the establishment)
704	pR8i1JxEcfs	Anti-Elitism	It is Us vs. Them (the establishment)
705	jgP0CxW1mA8	Political rivals’ policy failed/ is failing/ will fail	It is Us vs. Them (the establishment)
706	H7-YMjE5J_g	Many immigrants are terrorists	Immigration is a threat
707	gnN0gTf_FJQ	Our borders are strained and/or insufficiently controlled	Immigration is out of control
708	Y_WQD6X-cx8	We stand for common sense	We are competent
709	x6F8Zq4J4kQ	Immigrants are prone to committing crimes (violent, non-violent, or organised)	Immigration is a threat
710	vE4Pg6RkWKw	Our borders are strained and/or insufficiently controlled	Immigration is out of control
711	F7qp-il6dsI	Promoting policy initiatives or ideas	We are competent
712	3TGPogrXE6Y	Political rivals act against the interests of the people	It is Us vs. Them (the establishment)
713	6HE_RjPCVik	Political rivals act against the interests of the people	It is Us vs. Them (the establishment)
714	XKbeXFP1zeA	Many asylum seekers are actually economic migrants	Immigration burdens the economy & welfare narrative
715	AYGRI3H6slY	Certain immigrants /asylum seekers are discriminated against	Immigrants are victims
716	bGPKNu7FkbQ	Natives loose to immigrants / Immigrants receive better benefits than nationals	Immigration burdens the economy & welfare narrative
717	ZcPOwsZ5IcA	Natives loose to immigrants / Immigrants receive better benefits than nationals	Immigration burdens the economy & welfare narrative
718	53xzN6mxyeY	Our borders are strained and/or insufficiently controlled	Immigration is out of control
719	pHrNcBPQbIc	Immigrants are prone to committing crimes (violent, non-violent, or organised)	Immigration is a threat
720	_bzItzk_sBI	Our borders are strained and/or insufficiently controlled	Immigration is out of control
721	rOPFeaY57cs	Arabs and/or Muslims are a cultural/social threat	Immigrants’ identity and/or culture is problematic
722	VdMPF4kx_qY	We are being silenced	There is an unfair bias against our political camp
723	YE-XptTQgAk	Political rivals act against the interests of the people	It is Us vs. Them (the establishment)
724	s1G_qT5i9lw	Promoting policy initiatives or ideas	We are competent
725	AjiEO4bUnKU	Immigrants are a strain on the housing market	Immigration burdens the economy & welfare narrative
726	dF_dhicDfvY	There are too many immigrants coming	Immigration is out of control
727	tBOm3KCdIbo	Immigration helps tackle social & economic issues (e.g. skills and labour shortages)	Pragmatic approaches to immigration
728	Rexjf_JW9p8	Immigrants are victims of false hope	Immigrants are victims
729	rXFJu5Jdmr0	Political rivals act against the interests of the people	It is Us vs. Them (the establishment)
730	K3JnhzAzq5c	Immigration is a threat to the European way of life / identity	Immigrants’ identity and/or culture is problematic
731	DKPDRPwDkLQ	Certain immigrants /asylum seekers are discriminated against	Immigrants are victims
732	wSM5srAEdds	We are being silenced	There is an unfair bias against our political camp
733	z46TYJ3blQA	Immigration is a threat to national security	Immigration is a threat
734	B5KXTbwBwtk	Immigrants are victims of false hope	Immigrants are victims
735	ciqH8r7IJj8	Blaming global elites	Immigration is part of a conspiracy
736	1Ij601COWxc	Immigrants suffer from labour exploitation	Immigrants are victims
737	xNh1tycEa2Q	Immigration is a threat to national security	Immigration is a threat
738	MuPN3RKGIXA	Our sovereignty is under threat	It is Us vs. Them (the establishment)
739	RuwncYB1clY	Political rivals’ policy failed/ is failing/ will fail	It is Us vs. Them (the establishment)
740	z-gHiac_BcM	Political rivals’ policy failed/ is failing/ will fail	It is Us vs. Them (the establishment)
741	HGBfESC3d28	Our country is doing more than other countries to deal with immigration issues	Geopolitical narratives: Countries are acting against the interest of other countries
742	zmPqmLccZ6E	We are being silenced	There is an unfair bias against our political camp
743	tvFrdSnnJ1M	Political rivals act against the interests of the people	It is Us vs. Them (the establishment)
744	NLg6EmU2Qu8	Arabs and/or Muslims are a cultural/social threat	Immigrants’ identity and/or culture is problematic
745	DBLrmVF-PeM	Promoting policy initiatives or ideas	We are competent
746	tcuG74oWrtw	Certain immigrants are unwilling/incapable to integrate	Immigrants’ identity and/or culture is problematic
747	REenCHgn_qY	Discrediting political rivals (e.g. ridicule, accusation)	It is Us vs. Them (the establishment)
748	DAwYD-D2yIo	Political rivals’ policy failed/ is failing/ will fail	It is Us vs. Them (the establishment)
749	AJFseN2_MBY	Immigration is a threat to national security	Immigration is a threat
750	6Z7kFkGeJN0	Certain immigrants are unwilling/incapable to integrate	Immigrants’ identity and/or culture is problematic
751	DOTAflz9x28	Political rivals act against the interests of the people	It is Us vs. Them (the establishment)
752	jtU1imfMu2Y	Immigrants are victims of human traffickers.	Immigrants are victims
753	wzA7bVDlivc	Discrediting political rivals (e.g. ridicule, accusation)	It is Us vs. Them (the establishment)
754	6X3t5SdnLk0	We are being silenced	There is an unfair bias against our political camp
755	eseGJxJK538	Our country is doing more than other countries to deal with immigration issues	Geopolitical narratives: Countries are acting against the interest of other countries
756	m8QrUuC1nTU	Immigrants are a strain on our health-care system	Immigration burdens the economy & welfare narrative
757	ixMqMX7z-S0	None	None
758	vPWvClboioU	Political rivals’ policy failed/ is failing/ will fail	It is Us vs. Them (the establishment)
759	gxvvIFp-8Pw	Immigration is a threat to individual safety	Immigration is a threat
760	KkuKfAoapAo	Promoting policy initiatives or ideas	We are competent
761	nuHOpxpoVlg	Immigrants are a strain on the housing market	Immigration burdens the economy & welfare narrative
762	wn2WuUpXnVo	None	None
763	IeWr3Ya4PxI	Immigrants are victims of false hope	Immigrants are victims
764	O19q4o122PU	Discrediting political rivals (e.g. ridicule, accusation)	It is Us vs. Them (the establishment)
765	bUxXX-Be1cI	Receiving immigrants is too expensive/ immigration burdens tax payers	Immigration burdens the economy & welfare narrative
766	wPkkco_NMBg	Political rivals act against the interests of the people	It is Us vs. Them (the establishment)
767	PSCX4o9u9bU	There are too many immigrants coming	Immigration is out of control
768	CMMBZXj2xVc	None	None
769	72F4NIzWIBQ	We will reinstate order	We are competent
770	TSmj1Y07gqE	Self-promotion	Narrative strategy to remain in the news
771	MF7xaa2MM1w	Immigrants are prone to committing crimes of a sexual nature	Immigration is a threat
772	4gEHPqISstQ	Natives loose to immigrants / Immigrants receive better benefits than nationals	Immigration burdens the economy & welfare narrative
773	6KeredjP08k	Immigrants are a strain on the housing market	Immigration burdens the economy & welfare narrative
774	8ZY1H386M-Q	Immigration is a threat to national security	Immigration is a threat
775	moL5G7xG9Vs	Immigrants are prone to committing crimes of a sexual nature	Immigration is a threat
776	LxDZx-qTC0Q	We will reinstate order	We are competent
777	LCGXjaGhUhY	Immigration reduces the attractiveness of location and lowers overall life quality	Immigration burdens the economy & welfare narrative
778	1hiRK7RVZWg	Immigrants are a strain on our health-care system	Immigration burdens the economy & welfare narrative
779	2gwRsRC5OoA	Arabs and/or Muslims are a cultural/social threat	Immigrants’ identity and/or culture is problematic
780	dEZrRw2T5PA	Arabs and/or Muslims are a cultural/social threat	Immigrants’ identity and/or culture is problematic
781	XtorDJ0Oong	Promoting policy initiatives or ideas	We are competent
782	gv1KYXsIbIs	Other conspiracy theory	Immigration is part of a conspiracy
783	CyhoZgMzrhg	Self-promotion	Narrative strategy to remain in the news
784	jNHB2aBXxqY	None	None
785	TfzXwXzKV54	Political rivals’ policy failed/ is failing/ will fail	It is Us vs. Them (the establishment)
786	C9L7GhcbdxE	Arabs and/or Muslims are a cultural/social threat	Immigrants’ identity and/or culture is problematic
787	4rWl1SD2mE4	Immigration helps tackle social & economic issues (e.g. skills and labour shortages)	Pragmatic approaches to immigration
788	Wxw1jClrjHE	The judicial system favours political rivals and/or obstructs own political camp	There is an unfair bias against our political camp
789	B14jIBMWRT8	We will reinstate order	We are competent
790	3XpW6bwtEq8	Immigration is a threat to individual safety	Immigration is a threat
791	BCLcp1d9kxk	Political rivals act against the interests of the people	It is Us vs. Them (the establishment)
792	1PeOdSKBCdQ	Immigrants are a strain on the housing market	Immigration burdens the economy & welfare narrative
793	C9LZOHGgwek	Our borders are strained and/or insufficiently controlled	Immigration is out of control
794	z1G5VXFQ5iU	Immigration is a threat to the European way of life / identity	Immigrants’ identity and/or culture is problematic
795	Mw7GifBgYVI	Promoting policy initiatives or ideas	We are competent
796	63xnhckGbAM	Immigrants take our jobs	Immigration burdens the economy & welfare narrative
797	COvnw8GfyY0	Immigrants are victims of human traffickers.	Immigrants are victims
798	dw1_7sxJqQ8	None	None
799	htyRd16euq8	Immigrants take our jobs	Immigration burdens the economy & welfare narrative
800	B7cLIzM7vs8	Political rivals’ policy failed/ is failing/ will fail	It is Us vs. Them (the establishment)
801	2s1jo5Jkhq0	Promoting policy initiatives or ideas	We are competent
802	fBR0CQNtf-U	Receiving immigrants is too expensive/ immigration burdens tax payers	Immigration burdens the economy & welfare narrative
803	sKlveSWmFJ8	We represent the people	We are competent
804	WYGnR2zB4XY	Political rivals act against the interests of the people	It is Us vs. Them (the establishment)
805	eGT5OPZkKYs	Arabs and/or Muslims are a cultural/social threat	Immigrants’ identity and/or culture is problematic
806	hBSrTNAyYXk	Immigration is a threat to individual safety	Immigration is a threat
807	UmsFLE0ft6g	Other conspiracy theory	Immigration is part of a conspiracy
808	IxPRKEY_NB4	Immigrants are prone to committing crimes (violent, non-violent, or organised)	Immigration is a threat
809	igkoQmVJgLA	Anti-Elitism	It is Us vs. Them (the establishment)
810	YfJN1Edautg	Receiving immigrants is too expensive/ immigration burdens tax payers	Immigration burdens the economy & welfare narrative
811	Lv9BqodzoHQ	Discrediting political rivals (e.g. ridicule, accusation)	It is Us vs. Them (the establishment)
812	ioaIoo6GO08	None	None
813	zT3NDTAHxB4	Political rivals’ policy failed/ is failing/ will fail	It is Us vs. Them (the establishment)
814	Lu-gGgw-p7I	Blaming global elites	Immigration is part of a conspiracy
815	UnqYdqXIhAE	Promoting policy initiatives or ideas	We are competent
816	SInlEy6XsMk	Blaming global elites	Immigration is part of a conspiracy
817	Lkn5WXRpfmo	Great replacement	Immigration is part of a conspiracy
818	lF0ZZnrYoRQ	Political rivals’ policy failed/ is failing/ will fail	It is Us vs. Them (the establishment)
819	2JkBlGEx2x0	Immigrants are a strain on the housing market	Immigration burdens the economy & welfare narrative
820	M5f13G42ACc	Applauding political allies	We are competent
821	tf5vLUMEn-U	Immigration helps tackle social & economic issues (e.g. skills and labour shortages)	Pragmatic approaches to immigration
822	TWQ1HISBuvk	Immigrants are prone to committing crimes of a sexual nature	Immigration is a threat
823	IiXFN3JiQ2g	Anti-Elitism	It is Us vs. Them (the establishment)
824	3jWn3ecCupg	Immigrants take our jobs	Immigration burdens the economy & welfare narrative
825	mjZpHm8jyWs	Discrediting political rivals (e.g. ridicule, accusation)	It is Us vs. Them (the establishment)
826	QrfsggYVMC4	Immigrants are a strain on the housing market	Immigration burdens the economy & welfare narrative
827	HW1lED4I_L0	Great replacement	Immigration is part of a conspiracy
828	vrHQ6edFkOE	Immigrants take our jobs	Immigration burdens the economy & welfare narrative
829	SuNa3lCru1U	Political rivals’ policy failed/ is failing/ will fail	It is Us vs. Them (the establishment)
830	A3NOwQKiBRY	Other conspiracy theory	Immigration is part of a conspiracy
831	oKHfSMGhM4M	Political rivals act against the interests of the people	It is Us vs. Them (the establishment)
832	-CDJdIUe4w8	We will reinstate order	We are competent
833	b3WTCvJpRq0	MS or EU are in breach of international law (e.g. inadequate reception facilities, refoulement at the borders, prolonged asylum procedures)	Immigrants are victims
834	-cSJEOTztTU	Our country is doing more than other countries to deal with immigration issues	Geopolitical narratives: Countries are acting against the interest of other countries
835	fihmYcrQwy0	We will reinstate order	We are competent
836	Iuig4xXccu4	Great replacement	Immigration is part of a conspiracy
837	fd9xC56guBA	Many immigrants are terrorists	Immigration is a threat
838	3443ZKiv_mQ	We will reinstate order	We are competent
839	1hboVt2iyrg	Certain immigrants /asylum seekers are discriminated against	Immigrants are victims
840	AXkhQ6wPzgI	Immigrants are a strain on the housing market	Immigration burdens the economy & welfare narrative
841	0peIFrJNLc4	Immigration is a threat to national security	Immigration is a threat
842	GKkcME8Fs_U	Political rivals act against the interests of the people	It is Us vs. Them (the establishment)
843	G72vX1rmwZ8	Immigration is a threat to individual safety	Immigration is a threat
844	S1x9osdIs9E	Discrediting liberal values	It is Us vs. Them (the establishment)
845	FXbrOVejfvk	Certain immigrants /asylum seekers are discriminated against	Immigrants are victims
846	IpD5jqX0COs	Immigration is a threat to individual safety	Immigration is a threat
847	qgpgjVdZwbY	Immigrants suffer from labour exploitation	Immigrants are victims
848	fei-L1arGuw	Many asylum seekers are actually economic migrants	Immigration burdens the economy & welfare narrative
849	pJaZzlyNOdE	There are too many immigrants coming	Immigration is out of control
850	qJ-HC9yeQXg	None	None
851	o537ktRPxS8	Immigration helps tackle social & economic issues (e.g. skills and labour shortages)	Pragmatic approaches to immigration
852	c8Q9oAZZWx4	Our borders are strained and/or insufficiently controlled	Immigration is out of control
853	3qihC6G1ZlQ	We are being silenced	There is an unfair bias against our political camp
854	JTEXR01oUXo	Promoting policy initiatives or ideas	We are competent
855	n4DpvH2XWE8	Immigrants are prone to committing crimes (violent, non-violent, or organised)	Immigration is a threat
856	WhFC8Mc32tQ	We are being silenced	There is an unfair bias against our political camp
857	7zd5B66Q80k	Political rivals’ policy failed/ is failing/ will fail	It is Us vs. Them (the establishment)
858	DXNF3HObCWE	Arabs and/or Muslims are a cultural/social threat	Immigrants’ identity and/or culture is problematic
859	RuHHObIEWTk	None	None
860	W2oJaIq3mss	Let’s overthrow the establishment	It is Us vs. Them (the establishment)
861	PUoZ7bTx1f4	Immigrants do not contribute to the economy	Immigration burdens the economy & welfare narrative
862	Jl8eEE3YtJ0	Let’s overthrow the establishment	It is Us vs. Them (the establishment)
863	x0AoBk7ecH0	Discrediting political rivals (e.g. ridicule, accusation)	It is Us vs. Them (the establishment)
864	L73zhcMB0YQ	None	None
865	Qcltz-2leEY	Promoting policy initiatives or ideas	We are competent
866	8Sm_kOAPuEE	Promoting policy initiatives or ideas	We are competent
867	jwqayA3liKQ	Immigrants are victims of human traffickers.	Immigrants are victims
868	QBqekvWozKg	None	None
869	-z43GAL-bjw	Our borders are strained and/or insufficiently controlled	Immigration is out of control
870	75jmSQ-7PVw	Immigrants are prone to committing crimes (violent, non-violent, or organised)	Immigration is a threat
871	5hrfvxCa03Q	Immigrants are a strain on the housing market	Immigration burdens the economy & welfare narrative
872	nT-fh5OEFIs	Immigrants abuse the welfare system	Immigration burdens the economy & welfare narrative
873	wSEWVK8HVw0	We will reinstate order	We are competent
874	CBWHbRzThqk	Immigrants are prone to committing crimes (violent, non-violent, or organised)	Immigration is a threat
875	F_J7T-E68Pk	There are double-standards/ the system is corrupt	There is an unfair bias against our political camp
876	PJQlD7H1W4s	Immigration reduces the attractiveness of location and lowers overall life quality	Immigration burdens the economy & welfare narrative
877	OSNP63gjuX0	Immigrants are prone to committing crimes (violent, non-violent, or organised)	Immigration is a threat
878	XAF2GU-4Uaw	Immigration is a threat to individual safety	Immigration is a threat
879	vCjtxFAA1Do	Promoting policy initiatives or ideas	We are competent
880	JWB-VOnEI5M	There are double-standards/ the system is corrupt	There is an unfair bias against our political camp
881	kuhSk4gJzDc	None	None
882	_sV8ERKGS1Y	Immigrants are prone to committing crimes of a sexual nature	Immigration is a threat
883	OmTKdiwz-Zs	Immigration is a threat to the European way of life / identity	Immigrants’ identity and/or culture is problematic
884	StqdnaPWOrQ	Immigration is a threat to the European way of life / identity	Immigrants’ identity and/or culture is problematic
885	9KNUhiHYS7M	We will reinstate order	We are competent
886	N4ENoj8Z5yI	None	None
887	yqHRQ3rj9JU	Other conspiracy theory	Immigration is part of a conspiracy
888	M5oUL0AXLxA	Immigration is a threat to individual safety	Immigration is a threat
889	q5P0-ZLuqCo	Immigrants are victims of human traffickers.	Immigrants are victims
890	tBhwCXr7Hcs	Anti-Elitism	It is Us vs. Them (the establishment)
891	4CWyeVjtuLY	Arabs and/or Muslims are a cultural/social threat	Immigrants’ identity and/or culture is problematic
892	2G6RyGgaors	We are being silenced	There is an unfair bias against our political camp
893	JQTbTIJ-U2w	Immigration is a threat to the European way of life / identity	Immigrants’ identity and/or culture is problematic
894	8v3gU-qrvq0	Immigration is a threat to the European way of life / identity	Immigrants’ identity and/or culture is problematic
895	Cnxo9qwhZtE	Arabs and/or Muslims are a cultural/social threat	Immigrants’ identity and/or culture is problematic
896	6wCh6pHeMqA	Immigration is a threat to the European way of life / identity	Immigrants’ identity and/or culture is problematic
897	f7VjOBik-hg	Many immigrants are terrorists	Immigration is a threat
898	N9-GyjZ2bTM	Political rivals’ policy failed/ is failing/ will fail	It is Us vs. Them (the establishment)
899	3HCl2AfTd0A	MS or EU are in breach of international law (e.g. inadequate reception facilities, refoulement at the borders, prolonged asylum procedures)	Immigrants are victims
900	TQa5q78ClC4	Immigrants are a strain on our health-care system	Immigration burdens the economy & welfare narrative
901	UZIpTOCmcOU	Immigration is a threat to individual safety	Immigration is a threat
902	Mj-uMqIyZpY	Immigrants are prone to committing crimes (violent, non-violent, or organised)	Immigration is a threat
903	EffUiuq1iBU	Immigrants are a strain on the housing market	Immigration burdens the economy & welfare narrative
904	eD0niNCoKcY	Immigration is a threat to the European way of life / identity	Immigrants’ identity and/or culture is problematic
905	LZsiaQ0YR6A	Immigrants abuse the welfare system	Immigration burdens the economy & welfare narrative
906	0HdwAiKR8a0	None	None
907	vwVbP6Qv9Iw	Immigration is a threat to individual safety	Immigration is a threat
908	g1NpTOytD3s	Immigration helps tackle social & economic issues (e.g. skills and labour shortages)	Pragmatic approaches to immigration
909	L7Ss0kkNK-4	Promoting policy initiatives or ideas	We are competent
910	R931StMxgV4	Immigration is a threat to national security	Immigration is a threat
911	Ho1EhmAcFu8	Our borders are strained and/or insufficiently controlled	Immigration is out of control
912	aZBnMWu4_gQ	Receiving immigrants is too expensive/ immigration burdens tax payers	Immigration burdens the economy & welfare narrative
913	k_5JRV27lr4	Applauding political allies	We are competent
914	rw1VDVcyWSw	Discrediting political rivals (e.g. ridicule, accusation)	It is Us vs. Them (the establishment)
915	4BfQtkg3RhM	Immigration is a threat to national security	Immigration is a threat
916	hNS7l4JfHaQ	Immigrants abuse the welfare system	Immigration burdens the economy & welfare narrative
917	vtkLARIC0jo	There are too many immigrants coming	Immigration is out of control
918	Glrn3kuYueU	Natives loose to immigrants / Immigrants receive better benefits than nationals	Immigration burdens the economy & welfare narrative
919	6pEHbf-gAfM	We will reinstate order	We are competent
920	LAdpbYTWf4g	There are too many immigrants coming	Immigration is out of control
921	j4gJKc9a5yY	Immigrants do not contribute to the economy	Immigration burdens the economy & welfare narrative
922	3VcFuC4VKAE	Natives loose to immigrants / Immigrants receive better benefits than nationals	Immigration burdens the economy & welfare narrative
923	PRZnAdwwkTw	Immigrants are prone to committing crimes of a sexual nature	Immigration is a threat
924	6bPxdcu6PzQ	Immigrants suffer from labour exploitation	Immigrants are victims
925	O6ReoJ8IsQ0	Immigration is a threat to national security	Immigration is a threat
926	guz99MNa7b4	Immigrants are a strain on the housing market	Immigration burdens the economy & welfare narrative
927	Dz6CMdfxWeo	There are too many immigrants coming	Immigration is out of control
928	UaILpsFu8m4	Our country is doing more than other countries to deal with immigration issues	Geopolitical narratives: Countries are acting against the interest of other countries
929	3qfV7e8ezAU	Certain immigrants are unwilling/incapable to integrate	Immigrants’ identity and/or culture is problematic
930	I4RsVI0rVx4	Receiving immigrants is too expensive/ immigration burdens tax payers	Immigration burdens the economy & welfare narrative
931	jMQnF2WMhb0	Receiving immigrants is too expensive/ immigration burdens tax payers	Immigration burdens the economy & welfare narrative
932	4Vbp_Tb-Ao0	Immigration is a threat to national security	Immigration is a threat
933	uIbflB91DZg	Immigrants are prone to committing crimes (violent, non-violent, or organised)	Immigration is a threat
934	yvO0OJ1XooE	There are too many immigrants coming	Immigration is out of control
935	ZLhklDPikik	Receiving immigrants is too expensive/ immigration burdens tax payers	Immigration burdens the economy & welfare narrative
936	kpPVSgRu0Xw	Discrediting political rivals (e.g. ridicule, accusation)	It is Us vs. Them (the establishment)
937	WT2gkmspleY	Political rivals’ policy failed/ is failing/ will fail	It is Us vs. Them (the establishment)
938	08gMVoJXCD4	Immigrants are victims of human traffickers.	Immigrants are victims
939	MFgrgR-oBPk	Many asylum seekers are actually economic migrants	Immigration burdens the economy & welfare narrative
940	E2QZ_YiSAgM	Natives loose to immigrants / Immigrants receive better benefits than nationals	Immigration burdens the economy & welfare narrative
941	l-aC_OGSBmY	Many asylum seekers are actually economic migrants	Immigration burdens the economy & welfare narrative
942	O2wS5STnnKU	Natives loose to immigrants / Immigrants receive better benefits than nationals	Immigration burdens the economy & welfare narrative
943	soK31_lwiB8	None	None
944	m_2b0CirWfU	Discrediting political rivals (e.g. ridicule, accusation)	It is Us vs. Them (the establishment)
945	Mhsg3tOUsgM	There are too many immigrants coming	Immigration is out of control
946	PkHimAXm6Dg	None	None
947	SrEmGd27zu0	There are too many immigrants coming	Immigration is out of control
948	cg559BaMGlA	Receiving immigrants is too expensive/ immigration burdens tax payers	Immigration burdens the economy & welfare narrative
949	msFqZEpKuUg	Other conspiracy theory	Immigration is part of a conspiracy
950	OwQjEU9ir4k	Immigration is a threat to the European way of life / identity	Immigrants’ identity and/or culture is problematic
951	rwPLW3g5VO4	Immigrants are victims of false hope	Immigrants are victims
952	Irjkp_lQjMI	Immigrants are prone to committing crimes of a sexual nature	Immigration is a threat
953	17l7IQswMJE	Immigrants abuse the welfare system	Immigration burdens the economy & welfare narrative
954	PP1oA52Juwo	Immigrants do not contribute to the economy	Immigration burdens the economy & welfare narrative
955	Hj2XKDF_5UI	Blaming global elites	Immigration is part of a conspiracy
956	D--6AK8rFOw	Blaming global elites	Immigration is part of a conspiracy
957	-AwInDKkruQ	None	None
958	itveSpNXVxs	Immigrants take our jobs	Immigration burdens the economy & welfare narrative
959	S6KPpZ4yCUg	Discrediting political rivals (e.g. ridicule, accusation)	It is Us vs. Them (the establishment)
960	70gn8wApqT4	Anti-Elitism	It is Us vs. Them (the establishment)
961	WHoZZLamW4s	Immigration is a threat to the European way of life / identity	Immigrants’ identity and/or culture is problematic
962	iWnyGFCm3Fc	None	None
963	gI4IX6zptRE	Immigrants do not contribute to the economy	Immigration burdens the economy & welfare narrative
964	V_FNa5y3EDQ	Political rivals’ policy failed/ is failing/ will fail	It is Us vs. Them (the establishment)
965	NUS7tykgjRI	Blaming global elites	Immigration is part of a conspiracy
966	5X3G-ssvHFM	Immigrants suffer from labour exploitation	Immigrants are victims
967	efeXEgdFf-0	Political rivals’ policy failed/ is failing/ will fail	It is Us vs. Them (the establishment)
968	UnOWu06z5zY	Immigration is a threat to individual safety	Immigration is a threat
969	39GnF8TnGPs	Political rivals’ policy failed/ is failing/ will fail	It is Us vs. Them (the establishment)
970	u2_t_C_2X2I	None	None
971	H5-WEEguiXo	Let’s overthrow the establishment	It is Us vs. Them (the establishment)
972	sojKn1vSTjk	Political rivals’ policy failed/ is failing/ will fail	It is Us vs. Them (the establishment)
973	F4DS0osw4iE	Immigrants do not contribute to the economy	Immigration burdens the economy & welfare narrative
974	GfUoMpWR4tE	None	None
975	tmudsgapDD8	Anti-Elitism	It is Us vs. Them (the establishment)
976	kXKIOd0bxnY	Receiving immigrants is too expensive/ immigration burdens tax payers	Immigration burdens the economy & welfare narrative
977	flCT0rbXXu8	Immigrants abuse the welfare system	Immigration burdens the economy & welfare narrative
978	AD8ESb-rBxg	Certain immigrants /asylum seekers are discriminated against	Immigrants are victims
979	4UfYqc497uw	Receiving immigrants is too expensive/ immigration burdens tax payers	Immigration burdens the economy & welfare narrative
980	Yc8vVMZNbY4	Applauding political allies	We are competent
981	ljLfRovshB8	EU/MS do not have the means to properly take care of immigrants, therefore it is better for them not to come here.	Immigrants are victims
982	zzOPyAdNu_w	Arabs and/or Muslims are a cultural/social threat	Immigrants’ identity and/or culture is problematic
983	oa7hSwvgNn0	Immigrants are victims of human traffickers.	Immigrants are victims
984	MulvGbK8rDs	Mainstream media are biased	There is an unfair bias against our political camp
985	2RRJ-qzp2hc	None	None
986	dXZlGkB0oOg	Promoting policy initiatives or ideas	We are competent
987	Tguf_NpEhqg	Immigration is a threat to individual safety	Immigration is a threat
988	KNVZv3IQfkk	There are too many immigrants coming	Immigration is out of control
989	6GgNG8kVOEc	There are double-standards/ the system is corrupt	There is an unfair bias against our political camp
990	HtDbtQCnHRY	Natives loose to immigrants / Immigrants receive better benefits than nationals	Immigration burdens the economy & welfare narrative
991	Ku5veHulG4E	None	None
992	uAdXyBqTA5c	None	None
993	4dZ5e5LPATo	Let’s overthrow the establishment	It is Us vs. Them (the establishment)
994	tEOszvXgJf8	Political rivals act against the interests of the people	It is Us vs. Them (the establishment)
995	LfmPVqRAXkM	Immigration helps tackle social & economic issues (e.g. skills and labour shortages)	Pragmatic approaches to immigration
996	SYIxMYiWick	Many asylum seekers are actually economic migrants	Immigration burdens the economy & welfare narrative
997	LFQ6nZJklZY	Immigration is a threat to national security	Immigration is a threat
998	h1Ta-88kfkU	There are too many immigrants coming	Immigration is out of control
999	frng1pGG5GM	Let’s overthrow the establishment	It is Us vs. Them (the establishment)
1000	ZAd29ULeUcQ	None	None
1001	jWtG2iYivZs	There are too many immigrants coming	Immigration is out of control
1002	i8qGKGFtUek	Immigrants abuse the welfare system	Immigration burdens the economy & welfare narrative
1003	S0qFEaD2p0c	Great replacement	Immigration is part of a conspiracy
1004	r7WzcS1bHYk	Political rivals act against the interests of the people	It is Us vs. Them (the establishment)
1005	qDKVmUfPVg8	Certain immigrants are unwilling/incapable to integrate	Immigrants’ identity and/or culture is problematic
1006	efgQ4323d2A	None	None
1007	fJQVB0UykT8	Immigration is a threat to individual safety	Immigration is a threat
1008	FjXor6vlMOg	Immigrants are a strain on our health-care system	Immigration burdens the economy & welfare narrative
1009	irOZV6vjjKs	EU is harmful for our nation	It is Us vs. Them (the establishment)
1010	-_qJtwfkdIw	Discrediting political rivals (e.g. ridicule, accusation)	It is Us vs. Them (the establishment)
1011	QDHL704ul1s	Immigration is a threat to the European way of life / identity	Immigrants’ identity and/or culture is problematic
1012	W_rY_64tDu4	Many asylum seekers are actually economic migrants	Immigration burdens the economy & welfare narrative
1013	DO5Li6tCDZ8	Immigrants are a strain on our health-care system	Immigration burdens the economy & welfare narrative
1014	rEoSpLFG874	Our borders are strained and/or insufficiently controlled	Immigration is out of control
1015	y0pydTNQgPk	We represent the people	We are competent
1016	9-UcN5CSee4	Immigration is a threat to national security	Immigration is a threat
1017	IOj4Cl9pEjU	Immigrants abuse the welfare system	Immigration burdens the economy & welfare narrative
1018	FtTTA5EodPg	None	None
1019	n7LcGcjMqU0	Immigration helps tackle social & economic issues (e.g. skills and labour shortages)	Pragmatic approaches to immigration
1020	Jss1s3H27OY	Arabs and/or Muslims are a cultural/social threat	Immigrants’ identity and/or culture is problematic
1021	qax7HsOBFOI	Immigrants are a strain on the housing market	Immigration burdens the economy & welfare narrative
1022	BAzX3EaQyjk	Immigrants are victims of false hope	Immigrants are victims
1023	tFwD80xh9nA	Receiving immigrants is too expensive/ immigration burdens tax payers	Immigration burdens the economy & welfare narrative
1024	6TX3BhatOjg	There are too many immigrants coming	Immigration is out of control
1025	vcgqHv4__3g	Certain immigrants /asylum seekers are discriminated against	Immigrants are victims
1026	22g-TBGYiTU	Immigrants are victims of human traffickers.	Immigrants are victims
1027	9GfM_Ljo-tM	Political rivals’ policy failed/ is failing/ will fail	It is Us vs. Them (the establishment)
1028	TN2BQcN2vxE	Immigration is a threat to national security	Immigration is a threat
1029	yD_Kj3iCVzk	Immigration helps tackle social & economic issues (e.g. skills and labour shortages)	Pragmatic approaches to immigration
1030	Hgfw4VLlAcM	Certain immigrants are unwilling/incapable to integrate	Immigrants’ identity and/or culture is problematic
1031	ieMzN0Q19BI	Discrediting political rivals (e.g. ridicule, accusation)	It is Us vs. Them (the establishment)
1032	uOEKZFnuupo	Immigrants are prone to committing crimes of a sexual nature	Immigration is a threat
1033	qisR8Ou0rEQ	Promoting policy initiatives or ideas	We are competent
1034	cureo3-MBYw	Political rivals’ policy failed/ is failing/ will fail	It is Us vs. Them (the establishment)
1035	nHq7hofpWSs	Immigrants are prone to committing crimes (violent, non-violent, or organised)	Immigration is a threat
1036	Kx-kJ8EYFKk	None	None
1037	5P9ZmoxNRXU	Discrediting political rivals (e.g. ridicule, accusation)	It is Us vs. Them (the establishment)
1038	h7BM-vEr3do	Natives first	Immigration burdens the economy & welfare narrative
1039	lWKZvc48Nck	Immigration helps tackle social & economic issues (e.g. skills and labour shortages)	Pragmatic approaches to immigration
1040	XGEhFOiBYaY	Political rivals’ policy failed/ is failing/ will fail	It is Us vs. Them (the establishment)
1041	XLsierj0MuI	We will reinstate order	We are competent
1042	gYwIIVA3BWU	Immigration helps tackle social & economic issues (e.g. skills and labour shortages)	Pragmatic approaches to immigration
1043	H9cde07tNcA	Promoting policy initiatives or ideas	We are competent
1044	-4LFNlztdzk	Arabs and/or Muslims are a cultural/social threat	Immigrants’ identity and/or culture is problematic
1045	C6TpvaX5isY	Immigrants are a strain on the housing market	Immigration burdens the economy & welfare narrative
1046	hdRjrmJEIE0	Discrediting political rivals (e.g. ridicule, accusation)	It is Us vs. Them (the establishment)
1047	fnUHD1KD53g	There are too many immigrants coming	Immigration is out of control
1048	LdLxz-2kgss	Immigrants are victims of human traffickers.	Immigrants are victims
1049	yUKugVFY_lk	None	None
1050	xY9-LhwzuXg	Receiving immigrants is too expensive/ immigration burdens tax payers	Immigration burdens the economy & welfare narrative
1051	fUam83NhcYI	Political rivals’ policy failed/ is failing/ will fail	It is Us vs. Them (the establishment)
1052	7_-2A9PWAQs	Immigration is a threat to national security	Immigration is a threat
1053	PJg0gkPZaEo	Immigrants are a strain on the housing market	Immigration burdens the economy & welfare narrative
1054	0f8mDmLta6M	Immigration is a threat to the European way of life / identity	Immigrants’ identity and/or culture is problematic
1055	Eez6o3leSa8	Immigrants abuse the welfare system	Immigration burdens the economy & welfare narrative
1056	M5kUFFJJX0E	Immigration helps tackle social & economic issues (e.g. skills and labour shortages)	Pragmatic approaches to immigration
1057	9iDsva1IfWE	We will reinstate order	We are competent
1058	cK6qR89zYXU	Arabs and/or Muslims are a cultural/social threat	Immigrants’ identity and/or culture is problematic
1059	Q2IcjrlQcSg	Immigration is a threat to individual safety	Immigration is a threat
1060	KY2Nb0wfNDo	Receiving immigrants is too expensive/ immigration burdens tax payers	Immigration burdens the economy & welfare narrative
1061	rDwLq3KT7Ss	None	None
1062	k8OfvFKxsUg	Arabs and/or Muslims are a cultural/social threat	Immigrants’ identity and/or culture is problematic
1063	4ixW0LDQS4M	Immigration is a threat to national security	Immigration is a threat
1064	_us-cO-GnCg	Our borders are strained and/or insufficiently controlled	Immigration is out of control
1065	NfghI60EgrQ	Immigrants are a strain on the housing market	Immigration burdens the economy & welfare narrative
1066	POlKRu8yFxY	Immigrants are victims of human traffickers.	Immigrants are victims
1067	UEIwuuH0aiI	Certain immigrants are unwilling/incapable to integrate	Immigrants’ identity and/or culture is problematic
1068	38wmZT6RBnM	Immigrants suffer from labour exploitation	Immigrants are victims
1069	ENMc2RGs22U	Political rivals’ policy failed/ is failing/ will fail	It is Us vs. Them (the establishment)
1070	fdLAhPiEeX0	Certain immigrants are unwilling/incapable to integrate	Immigrants’ identity and/or culture is problematic
1071	53S_oP0_1KE	Certain immigrants are unwilling/incapable to integrate	Immigrants’ identity and/or culture is problematic
1072	lwNudSiAMtA	Political rivals’ policy failed/ is failing/ will fail	It is Us vs. Them (the establishment)
1073	3kuKZRuIFdc	There are too many immigrants coming	Immigration is out of control
1074	Z4xDqQx-Ak4	Political rivals’ policy failed/ is failing/ will fail	It is Us vs. Them (the establishment)
1075	PFLma6zTOeI	Promoting policy initiatives or ideas	We are competent
1076	DWCuMXHy_Ts	None	None
1077	wvnEEQWdcE8	We are being silenced	There is an unfair bias against our political camp
1078	bfnn8VViQXA	There are too many immigrants coming	Immigration is out of control
1079	sGZYvzk5UqA	We are being silenced	There is an unfair bias against our political camp
1080	mDkwAql0ZNc	Anti-Elitism	It is Us vs. Them (the establishment)
1081	lyrKPMoPvFQ	Blaming global elites	Immigration is part of a conspiracy
1082	238UHLIYICA	Immigration is a threat to individual safety	Immigration is a threat
1083	akLL5p_kF60	Discrediting political rivals (e.g. ridicule, accusation)	It is Us vs. Them (the establishment)
1084	5hM7bgdl6dc	Natives loose to immigrants / Immigrants receive better benefits than nationals	Immigration burdens the economy & welfare narrative
1085	KT2sHDILfY0	Anti-Elitism	It is Us vs. Them (the establishment)
1086	TODj49XXqSA	Many asylum seekers are actually economic migrants	Immigration burdens the economy & welfare narrative
1087	5ixohokkD5M	There are too many immigrants coming	Immigration is out of control
1088	JPCQA0kUYw4	Discrediting political rivals (e.g. ridicule, accusation)	It is Us vs. Them (the establishment)
1089	sn0N4xASzA0	Immigrants are prone to committing crimes of a sexual nature	Immigration is a threat
1090	OeVooF5OP_0	Political rivals’ policy failed/ is failing/ will fail	It is Us vs. Them (the establishment)
1091	OcJwZbAR_5E	Discrediting political rivals (e.g. ridicule, accusation)	It is Us vs. Them (the establishment)
1092	gMYcwBZSoZw	Immigrants do not contribute to the economy	Immigration burdens the economy & welfare narrative
1093	7kA93qlyoAY	Receiving immigrants is too expensive/ immigration burdens tax payers	Immigration burdens the economy & welfare narrative
1094	jtd_a2EAOc8	Immigrants suffer from labour exploitation	Immigrants are victims
1095	XWCeqvtOK_U	Political rivals’ policy failed/ is failing/ will fail	It is Us vs. Them (the establishment)
1096	ItcL05cwWX0	None	None
1097	ggHoL-37Gz8	Discrediting political rivals (e.g. ridicule, accusation)	It is Us vs. Them (the establishment)
1098	O3oteu8jwy8	Immigration is a threat to national security	Immigration is a threat
1099	s0OsY1zWsRU	None	None
1100	MxyQZ__ov-4	MS or EU are in breach of international law (e.g. inadequate reception facilities, refoulement at the borders, prolonged asylum procedures)	Immigrants are victims
1101	47l1N5yz7CU	Political rivals act against the interests of the people	It is Us vs. Them (the establishment)
1102	3zF2ZwLU_eI	Certain immigrants /asylum seekers are discriminated against	Immigrants are victims
1103	wgYGASNQHws	Natives loose to immigrants / Immigrants receive better benefits than nationals	Immigration burdens the economy & welfare narrative
1104	dmh1DkQAwVM	Blaming global elites	Immigration is part of a conspiracy
1105	7QRWOIP1OAI	Promoting policy initiatives or ideas	We are competent
1106	6cirpmAb8vc	EU is harmful for our nation	It is Us vs. Them (the establishment)
1107	S5nS38CJFMA	Discrediting political rivals (e.g. ridicule, accusation)	It is Us vs. Them (the establishment)
1108	ckjejySW45E	Political rivals’ policy failed/ is failing/ will fail	It is Us vs. Them (the establishment)
1109	DezsIvDFv44	There are too many immigrants coming	Immigration is out of control
1110	VIvUonMLGGw	None	None
1111	Gq95gf42mHY	None	None
1112	HIoFZ3BJrv8	There are too many immigrants coming	Immigration is out of control
1113	8WTwYuR9F8c	Immigrants are a strain on the housing market	Immigration burdens the economy & welfare narrative
1114	yXHLyUuJvYs	Promoting policy initiatives or ideas	We are competent